stratum,case_id,rules
serious_tier1,ddxplus_92882,
serious_tier1,ddxplus_57497,
serious_tier1,ddxplus_106665,
serious_tier1,ddxplus_47633,
serious_tier1,ddxplus_1413,
serious_tier1,ddxplus_63760,
serious_tier1,ddxplus_56374,
serious_tier1,ddxplus_14668,
serious_tier1,ddxplus_80123,
serious_tier1,ddxplus_25111,
serious_tier1,ddxplus_75526,
serious_tier1,ddxplus_116230,
serious_tier1,ddxplus_52019,
serious_tier1,ddxplus_108935,
serious_tier1,ddxplus_126935,
serious_tier1,ddxplus_119324,
serious_tier1,ddxplus_65030,
serious_tier1,ddxplus_65159,
serious_tier1,ddxplus_36170,
serious_tier1,ddxplus_107948,
serious_tier1,ddxplus_130113,
serious_tier1,ddxplus_34436,
serious_tier1,ddxplus_75229,
serious_tier1,ddxplus_28836,
serious_tier1,ddxplus_50615,
serious_tier1,ddxplus_101629,
serious_tier1,ddxplus_89933,
serious_tier1,ddxplus_26735,
serious_tier1,ddxplus_120997,
serious_tier1,ddxplus_23572,
serious_tier1,ddxplus_128331,
serious_tier1,ddxplus_81916,
serious_tier1,ddxplus_56241,
serious_tier1,ddxplus_35377,
serious_tier1,ddxplus_48468,
serious_tier1,ddxplus_107434,
serious_tier1,ddxplus_101660,
serious_tier1,ddxplus_106668,
serious_tier1,ddxplus_123077,
serious_tier1,ddxplus_74855,
serious_tier1,ddxplus_67361,
serious_tier1,ddxplus_26708,
serious_tier1,ddxplus_95089,
serious_tier1,ddxplus_77178,
serious_tier1,ddxplus_29057,
serious_tier1,ddxplus_73318,
serious_tier1,ddxplus_57435,
serious_tier1,ddxplus_17750,
serious_tier1,ddxplus_26268,
serious_tier1,ddxplus_47644,
serious_tier1,ddxplus_96587,
serious_tier1,ddxplus_11922,
serious_tier1,ddxplus_89753,
serious_tier1,ddxplus_19177,
serious_tier1,ddxplus_127822,
serious_tier1,ddxplus_860,
serious_tier1,ddxplus_58616,
serious_tier1,ddxplus_72965,
serious_tier1,ddxplus_79588,
serious_tier1,ddxplus_78593,
serious_upgrade_or_flag,ddxplus_117086,P1
serious_upgrade_or_flag,ddxplus_58732,P1
serious_upgrade_or_flag,ddxplus_24656,P1
serious_upgrade_or_flag,ddxplus_43283,P1
serious_upgrade_or_flag,ddxplus_56155,P1
serious_upgrade_or_flag,ddxplus_9769,K22|P1
serious_upgrade_or_flag,ddxplus_131905,P1
serious_upgrade_or_flag,ddxplus_45305,P1
serious_upgrade_or_flag,ddxplus_128077,P2
serious_upgrade_or_flag,ddxplus_14228,P2|P3
serious_upgrade_or_flag,ddxplus_133717,P2
serious_upgrade_or_flag,ddxplus_130807,P2
serious_upgrade_or_flag,ddxplus_2759,P2
serious_upgrade_or_flag,ddxplus_85276,P2|P5
serious_upgrade_or_flag,ddxplus_80900,P2
serious_upgrade_or_flag,ddxplus_45315,P2|P5
serious_upgrade_or_flag,ddxplus_38541,P3|P5
serious_upgrade_or_flag,ddxplus_64600,P5
serious_upgrade_or_flag,ddxplus_5302,P3|P5
serious_upgrade_or_flag,ddxplus_83358,P2|P3|P5
serious_upgrade_or_flag,ddxplus_120814,P2|P5
serious_upgrade_or_flag,ddxplus_112499,P3|P5
serious_upgrade_or_flag,ddxplus_43831,K33|P7
serious_upgrade_or_flag,ddxplus_33806,K33|P7
serious_upgrade_or_flag,ddxplus_36039,K33|P7
serious_upgrade_or_flag,ddxplus_29887,K33|P7
serious_upgrade_or_flag,ddxplus_51745,K33|P7
serious_upgrade_or_flag,ddxplus_118326,K33|P7
serious_upgrade_or_flag,ddxplus_98656,K33|P7
serious_upgrade_or_flag,ddxplus_106982,K33|P7
serious_upgrade_or_flag,ddxplus_22165,K24|P9
serious_upgrade_or_flag,ddxplus_108789,K24|P9
serious_upgrade_or_flag,ddxplus_99157,K24|P9
serious_upgrade_or_flag,ddxplus_64021,K24|P9
serious_upgrade_or_flag,ddxplus_67580,K24|P9
serious_upgrade_or_flag,ddxplus_116293,K24|P9
serious_upgrade_or_flag,ddxplus_103943,K24|P9
serious_upgrade_or_flag,ddxplus_4288,K24|P9
serious_upgrade_or_flag,ddxplus_89938,K42|P12
serious_upgrade_or_flag,ddxplus_131650,K42|P12
serious_upgrade_or_flag,ddxplus_23491,P12
serious_upgrade_or_flag,ddxplus_91486,P12
serious_upgrade_or_flag,ddxplus_70499,K42|P12
serious_upgrade_or_flag,ddxplus_57017,P12
serious_upgrade_or_flag,ddxplus_121900,K42|P12
serious_upgrade_or_flag,ddxplus_64836,P12
serious_upgrade_or_flag,ddxplus_68596,P4
serious_upgrade_or_flag,ddxplus_45981,P4
serious_upgrade_or_flag,ddxplus_111233,P6
serious_upgrade_or_flag,ddxplus_60188,P3
serious_upgrade_or_flag,ddxplus_50504,P1
serious_upgrade_or_flag,ddxplus_16780,K42
serious_upgrade_or_flag,ddxplus_32023,P3
serious_upgrade_or_flag,ddxplus_77539,K42
serious_upgrade_or_flag,ddxplus_86011,P1
serious_upgrade_or_flag,ddxplus_25153,P1
serious_upgrade_or_flag,ddxplus_13299,P6
serious_upgrade_or_flag,ddxplus_41465,P2
serious_upgrade_or_flag,ddxplus_62485,P1
serious_upgrade_or_flag,ddxplus_124630,K23|P10
serious_upgrade_or_flag,ddxplus_120269,P1
serious_upgrade_or_flag,ddxplus_99450,K42
serious_upgrade_or_flag,ddxplus_113310,P4
serious_upgrade_or_flag,ddxplus_87047,K42
serious_upgrade_or_flag,ddxplus_3226,P3
serious_upgrade_or_flag,ddxplus_31914,P3
serious_upgrade_or_flag,ddxplus_96927,P2
serious_upgrade_or_flag,ddxplus_61017,P2
serious_upgrade_or_flag,ddxplus_80810,P4
serious_upgrade_or_flag,ddxplus_60204,P1
serious_upgrade_or_flag,ddxplus_70282,P3
serious_upgrade_or_flag,ddxplus_4707,P3
serious_upgrade_or_flag,ddxplus_33420,K22
serious_upgrade_or_flag,ddxplus_25615,K22
serious_upgrade_or_flag,ddxplus_77689,P2
serious_upgrade_or_flag,ddxplus_75749,P2|P3|P5
serious_upgrade_or_flag,ddxplus_80144,K23|P10
serious_upgrade_or_flag,ddxplus_119237,K22|P1
serious_upgrade_or_flag,ddxplus_70176,P3
serious_upgrade_or_flag,ddxplus_75224,P2
benign,ddxplus_38189,
benign,ddxplus_2797,
benign,ddxplus_111272,
benign,ddxplus_8886,
benign,ddxplus_101550,
benign,ddxplus_58985,
benign,ddxplus_53487,
benign,ddxplus_30216,
benign,ddxplus_102809,
benign,ddxplus_70453,
benign,ddxplus_55429,
benign,ddxplus_90975,
benign,ddxplus_66829,
benign,ddxplus_120646,
benign,ddxplus_16173,
benign,ddxplus_107444,
benign,ddxplus_25304,
benign,ddxplus_84594,
benign,ddxplus_41139,
benign,ddxplus_66261,
benign,ddxplus_72451,
benign,ddxplus_715,
benign,ddxplus_111461,
benign,ddxplus_126834,
benign,ddxplus_37533,
benign,ddxplus_52561,
benign,ddxplus_78338,
benign,ddxplus_86950,
benign,ddxplus_132582,
benign,ddxplus_62677,
benign,ddxplus_92050,
benign,ddxplus_38391,
benign,ddxplus_90733,
benign,ddxplus_2866,
benign,ddxplus_121205,
benign,ddxplus_108680,
benign,ddxplus_111673,
benign,ddxplus_66386,
benign,ddxplus_35364,
benign,ddxplus_47835,
benign,ddxplus_21387,
benign,ddxplus_104206,
benign,ddxplus_16182,
benign,ddxplus_18166,
benign,ddxplus_3943,
benign,ddxplus_36615,
benign,ddxplus_85608,
benign,ddxplus_75817,
benign,ddxplus_25229,
benign,ddxplus_72234,
benign,ddxplus_75784,
benign,ddxplus_78045,
benign,ddxplus_22715,
benign,ddxplus_46793,
benign,ddxplus_4215,
benign,ddxplus_125850,
benign,ddxplus_94331,
benign,ddxplus_46931,
benign,ddxplus_89116,
benign,ddxplus_21366,
excluded,ddxplus_75636,X11
excluded,ddxplus_65113,X6
excluded,ddxplus_92272,X11
excluded,ddxplus_20537,X8|X9
excluded,ddxplus_68503,X10
excluded,ddxplus_24893,X10
excluded,ddxplus_11759,K30|X10
excluded,ddxplus_121229,X10
excluded,ddxplus_16871,X11
excluded,ddxplus_123627,K30|X10
excluded,ddxplus_95710,X7
excluded,ddxplus_58256,X11
excluded,ddxplus_107285,X10
excluded,ddxplus_129295,X10
excluded,ddxplus_90243,X9
excluded,ddxplus_119857,X6
excluded,ddxplus_107568,X10
excluded,ddxplus_113600,X10
excluded,ddxplus_76401,X10
excluded,ddxplus_35125,X11
excluded,ddxplus_102395,X11
excluded,ddxplus_82426,X6
excluded,ddxplus_116770,K30|X10
excluded,ddxplus_85272,X11
excluded,ddxplus_64993,X10
excluded,ddxplus_123300,X11
excluded,ddxplus_52152,K27|X10
excluded,ddxplus_39879,K30|X10
excluded,ddxplus_22018,X10
excluded,ddxplus_33751,K32|X10
excluded,ddxplus_127080,X7
excluded,ddxplus_69579,X10
excluded,ddxplus_15057,K30|X10
excluded,ddxplus_3291,K27|X10
excluded,ddxplus_84246,X10
excluded,ddxplus_82476,K30|X10
excluded,ddxplus_62082,X10
excluded,ddxplus_4596,X11
excluded,ddxplus_50408,K32|X10
excluded,ddxplus_18812,X6
excluded,ddxplus_118736,X9
excluded,ddxplus_41489,X10
excluded,ddxplus_65572,X7
excluded,ddxplus_2735,X10
excluded,ddxplus_98882,X10
excluded,ddxplus_52526,X10
excluded,ddxplus_26554,K30|X10
excluded,ddxplus_5140,X6
excluded,ddxplus_4193,X11
excluded,ddxplus_75165,X6
