id,layer,order,scope,trigger,action,dangers,evidence_level,citation,rationale,ddxplus_reason
K01,condition,1,Acute pulmonary edema,True,INCLUDE,,tier file,spec/dangerous_if_missed_tiers_v03b.csv (tier 1),Tier-1 truth; the reference escalated every sampled case.,Not a patch: the condition verdict follows the tier file.
K02,condition,1,Anaphylaxis,True,INCLUDE,,tier file,spec/dangerous_if_missed_tiers_v03b.csv (tier 1),Tier-1 truth; every sampled case escalated.,Not a patch: the condition verdict follows the tier file.
K03,condition,1,Ebola,True,INCLUDE,,tier file,spec/dangerous_if_missed_tiers_v03b.csv (tier 1),Tier-1 truth; every sampled case escalated.,Not a patch: the condition verdict follows the tier file.
K04,condition,1,Larygospasm,True,INCLUDE,,tier file,Zochios 2015 J Intensive Care Soc 16:272; Sideris 2020 Laryngoscope 130:465,Tier-1 truth; adult stridor is a same-day airway assessment (two adjudicated cases at confidence 4).,Not a patch: the condition verdict follows the tier file.
K05,condition,1,Possible NSTEMI / STEMI,True,INCLUDE,,tier file,Gulati 2021 Circulation 144:e368,Tier-1 truth; every sampled case escalated.,Not a patch: the condition verdict follows the tier file.
K06,condition,1,Acute dystonic reactions,True,INCLUDE,,tier file,van Harten 1999 BMJ 319:623,Tier-1 truth; every sampled case escalated.,Not a patch: the condition verdict follows the tier file.
K07,condition,1,Boerhaave,True,INCLUDE,,tier file,de Schipper 2009 Dig Surg 26:1,Tier-1 truth; every sampled case escalated.,Not a patch: the condition verdict follows the tier file.
K08,condition,1,Croup,True,INCLUDE,,tier file,spec/dangerous_if_missed_tiers_v03b.csv (tier 1),Tier-1 truth; no adult case sampled (paediatric condition).,Not a patch: the condition verdict follows the tier file.
K09,condition,1,Epiglottitis,True,INCLUDE,,tier file,Guardiani 2010 Laryngoscope 120:2183,Tier-1 truth; every sampled case escalated.,Not a patch: the condition verdict follows the tier file.
K10,condition,1,Guillain-Barré syndrome,True,INCLUDE,,tier file,Leonhard 2019 Nat Rev Neurol 15:671,Tier-1 truth; every sampled case escalated.,Not a patch: the condition verdict follows the tier file.
K11,condition,1,Myocarditis,True,INCLUDE,,tier file,Adler 2015 Eur Heart J 36:2921,Tier-1 truth; every sampled case escalated (one at confidence 3).,Not a patch: the condition verdict follows the tier file.
K12,condition,1,PSVT,True,INCLUDE,,tier file,Brugada 2020 Eur Heart J 41:655 (ESC SVT),Tier-1 truth; one sampled case (a 23-year-old stimulant user without chest pain or syncope) kept routine at confidence 3: residual disagreement noted; no downgrade.,Not a patch: the condition verdict follows the tier file.
K13,condition,1,Pulmonary embolism,True,INCLUDE,,tier file,Konstantinides 2019 Eur Heart J 41:543,Tier-1 truth; every sampled case escalated.,Not a patch: the condition verdict follows the tier file.
K14,condition,1,Scombroid food poisoning,True,INCLUDE,,tier file,Cardona 2020 World Allergy Organ J 13:100472; Feng 2016 Clin Rev Allergy Immunol 50:64,Tier-1 truth; rule X4 excludes the skin-only presentations the reference keeps routine.,Not a patch: the condition verdict follows the tier file.
K15,condition,1,Spontaneous pneumothorax,True,INCLUDE,,tier file,Roberts 2023 Thorax 78:s1,Tier-1 truth; every sampled case escalated.,Not a patch: the condition verdict follows the tier file.
K16,condition,1,Stable angina,True,INCLUDE,,tier file,Gulati 2021 Circulation 144:e368,Tier-1 truth; every sampled case escalated.,Not a patch: the condition verdict follows the tier file.
K17,condition,1,Unstable angina,True,INCLUDE,,tier file,Byrne 2023 Eur Heart J 44:3720,Tier-1 truth; every sampled case escalated.,Not a patch: the condition verdict follows the tier file.
K18,condition,1,Bronchospasm / acute asthma exacerbation,True,INCLUDE,,tier file,BTS/SIGN 158 (2019) section 9,Tier-1 truth (upgraded); every sampled case escalated (two at confidence 3).,Not a patch: the condition verdict follows the tier file.
K19,condition,1,Pancreatic neoplasm,True,INCLUDE,,tier file,NICE NG12 1.2.4-1.2.5,Tier-1 truth (upgraded); rule X5 excludes the cases whose only jaundice signal is the yellow-lesion artefact.,Not a patch: the condition verdict follows the tier file.
K20,condition,1,Pneumonia,True,INCLUDE,,tier file,Lim 2009 Thorax 64:iii1,Tier-1 truth (upgraded); every sampled case escalated.,Not a patch: the condition verdict follows the tier file.
K21,condition,1,Pulmonary neoplasm,True,INCLUDE,,tier file,NICE NG12 1.1.1-1.1.2,Tier-1 truth (upgraded); every sampled case escalated.,Not a patch: the condition verdict follows the tier file.
K22,condition,1,Tuberculosis,True,UPGRADE,A15|A16|C34|J18|B59,guideline,NICE NG33 Tuberculosis (2016 updated 2024); CDC TB signs and symptoms (2025),"Suspected tuberculosis is a prompt investigation pathway with urgent referral and notification: a chest X-ray and three respiratory samples for microscopy and culture (NG33 1.3.2.1-1.3.2.2), 'consider urgent referral to TB clinics for people with suspected active TB' (1.8.9.5), and statutory notification. NG33 does not say same-day. The reference escalated all four sampled cases (confidence 4-5) naming TB.",DDXPlus rates tuberculosis severity 3; the NICE pathway is prompt investigation with urgent referral and notification.
K23,condition,1,Acute COPD exacerbation / infection,True,UPGRADE,J44|J96|J18|J93,guideline,Trigger P10 (layer u): GOLD 2024 report chapter 4 (management of exacerbations),"Tier-2 truth upgraded to SERIOUS when trigger P10 fires (significant dyspnoea): GOLD's hospitalisation-assessment list opens with sudden worsening of resting dyspnoea. After the citation check P10 fires on 72.3% of adult cases (1,557 of 2,153); the reference kept the two sampled cases without the trigger routine. A case without the trigger falls to MIDDLE (rule X10).",GOLD grades the exacerbation by dyspnoea and baseline severity; DDXPlus rates every exacerbation severity 3.
K24,condition,1,Atrial fibrillation,True,UPGRADE,I48|I50|I21|I47|E05,guideline,Trigger P9 (layer u): Van Gelder 2024 Eur Heart J 45:3314 (ESC AF); Joglar 2024 Circulation 149:e1 (ACC/AHA AF),"Tier-2 truth upgraded to SERIOUS when trigger P9 fires (dyspnoea, presyncope, syncope or heart failure): new atrial fibrillation with a sign of haemodynamic instability or decompensation needs same-day assessment (Joglar 2024 8.2.2). After the citation check P9 fires on 72.7% of adult cases (1,606 of 2,208); all three sampled cases carried the trigger and escalated. A case without the trigger falls to MIDDLE (rule X10).",The atrial-fibrillation antecedent set is structural heart disease and prior infarction and heart failure and hyperthyroidism; the severity-3 rating ignores them.
K25,condition,1,Bronchiectasis,True,MIDDLE,,spec,spec/v0.3-scoring.md amendment A3,Tier-2 truth; rule P1 promotes the haemoptysis cases (all three sampled).,Not a patch: the condition verdict follows the spec.
K26,condition,1,Bronchiolitis,True,MIDDLE,,spec,spec/v0.3-scoring.md amendment A3,Tier-2 truth; no adult case sampled (paediatric condition).,Not a patch: the condition verdict follows the spec.
K27,condition,1,Chagas,True,EXCLUDE,,clinical reasoning,docs/v0.3-fp-fn-audit.md section 2 (closed-world cause),DDXPlus encodes no exposure history; the intake reads as fever with headache or weight loss and the truth cannot be named from it.,Closed world: DDXPlus encodes no exposure history for Chagas.
K28,condition,1,Cluster headache,True,MIDDLE,,spec,spec/v0.3-scoring.md amendment A3,Tier-2 truth; rule P14 promotes the cases that report limb or facial weakness with the headache.,Not a patch: the condition verdict follows the spec.
K29,condition,1,GERD,True,MIDDLE,,spec,spec/v0.3-scoring.md amendment A3,Tier-2 truth; rule P2 promotes the melaena or haematemesis cases. The 9/10 epigastric pain case (147) is a residual disagreement: no rule fitted to it.,Not a patch: the condition verdict follows the spec.
K30,condition,1,HIV (initial infection),True,EXCLUDE,,clinical reasoning,docs/v0.3-fp-fn-audit.md cases 103 114 138 (two escalations at confidence 3; one uncertain),"The escalation reason (endocarditis or sepsis in a person who injects drugs) is not encodable from the sampled intakes (no fever code in two of three); excluded rather than mislabelled. Kept EXCLUDE 2026-09-27 (decision 22): the Phase 2 and 2b reviewers escalated 11 of 12 HIV cases, a candidate PATCH, but no cited, encodable trigger exists yet; a rule for it is future work.",The sampled escalation reasons are not encodable; two of three intakes lack a fever code.
K31,condition,1,Influenza,True,MIDDLE,,spec,spec/v0.3-scoring.md amendment A3,Tier-2 truth; the two sampled escalations (immunosuppressed 94-year-old with a neck skin lesion; 8/10 occipital headache with fever) rest on features the section-7 red flags already keep out of BENIGN.,Not a patch: the condition verdict follows the spec.
K32,condition,1,Inguinal hernia,True,EXCLUDE,,clinical reasoning,HerniaSurge 2018 Hernia 22:1; docs/v0.3-fp-fn-audit.md cases 105 116 (confidence 3),Incarceration needs an examination and obstruction signs DDXPlus does not encode (E_150 records only the ability to pass stool); an elective surgical referral is not a safety escalation.,Incarceration signs are not encodable; E_150 records only the ability to pass stool or gas.
K33,condition,1,Myasthenia gravis,True,UPGRADE,G70|J96|G61,guideline,Trigger P7 (layer u): Wendell and Levine 2011 Neurohospitalist 1:16; Sanders 2016 Neurology 87:419,"Tier-2 truth upgraded to SERIOUS when trigger P7 fires (dysphagia, speech difficulty or dyspnoea): an impending myasthenic crisis needs admission for observation of respiratory and bulbar function (Sanders 2016). P7 fires on 99.0% of adult cases (1,728 of 1,745), so the upgrade is condition-level; the reference escalated all five sampled cases (confidence 5). A case without the trigger falls to MIDDLE (rule X10).",The myasthenia symptom set carries dysphagia and dysarthria and dyspnoea; the severity-3 rating is for stable myasthenia.
K34,condition,1,Spontaneous rib fracture,True,MIDDLE,,spec,spec/v0.3-scoring.md amendment A3,Tier-2 truth; rule P12 promotes the cases where PERC cannot close pleuritic chest pain (age 50 and over or active cancer). One sampled 19-year-old with osteoporosis stays out (confidence 3).,Not a patch: the condition verdict follows the spec.
K35,condition,1,Acute laryngitis,True,INCLUDE,,tier file,Stachler 2018 Otolaryngol Head Neck Surg 158:S1; NICE NG84 (2018),Tier-3 truth is BENIGN when no target or red flag remains; rule D1 drops the epiglottitis target when no airway feature is present (both sampled cases routine at confidence 4).,Not a patch: the condition verdict follows the tier file.
K36,condition,1,Acute otitis media,True,INCLUDE,,tier file,NICE NG91 (2018 updated 2022),Tier-3 truth; every sampled case routine.,Not a patch: the condition verdict follows the tier file.
K37,condition,1,Acute rhinosinusitis,True,INCLUDE,,tier file,NICE NG79 (2017) recommendation 1.1.9,Tier-3 truth; three routine and one uncertain (8/10 frontal pain) sampled cases; no rule fitted to the single uncertain case.,Not a patch: the condition verdict follows the tier file.
K38,condition,1,Allergic sinusitis,True,INCLUDE,,tier file,Scadding 2017 Clin Exp Allergy 47:856 (BSACI),Tier-3 truth; every sampled case routine.,Not a patch: the condition verdict follows the tier file.
K39,condition,1,Anemia,True,INCLUDE,,tier file,Snook 2021 Gut 70:2030 (BSG),Tier-3 truth; rules P2 P3 P5 promote bleeding and anticoagulant or pregnancy presentations; rule X8 excludes the symptomatic cases those rules do not reach.,Not a patch: the condition verdict follows the tier file.
K40,condition,1,Bronchitis,True,INCLUDE,,tier file,GOLD 2024 chapter 4; Lim 2009 Thorax 64:iii1,Tier-3 truth; rule X7 excludes the cases with significant dyspnoea (one escalation at confidence 3; one uncertain); the case without dyspnoea was routine.,Not a patch: the condition verdict follows the tier file.
K41,condition,1,Localized edema,True,INCLUDE,,tier file,Trayes 2013 Am Fam Physician 88:102,Tier-3 truth; rule X6 excludes the fluid-retaining-background cases (two uncertain; one escalation at confidence 3); rule P15 promotes one-sided swelling with a Wells item.,Not a patch: the condition verdict follows the tier file.
K42,condition,1,Pericarditis,True,UPGRADE,I30|I31|I40|I51|I20|I21|I24|J90,guideline,Adler 2015 Eur Heart J 36:2921 (ESC pericardial); Gulati 2021 Circulation 144:e368,"Pericarditis is a chest-pain presentation whose diagnosis needs an ECG and an echocardiogram (two of four criteria: chest pain, rub, ECG change, effusion) with troponin to separate it from myopericarditis and ACS (Adler 2015; Gulati 2021: ECG within 10 minutes and troponin for acute chest pain). The ESC's outpatient pathway applies after that work-up, for patients without a poor-prognosis marker, so SERIOUS here means same-day assessment, not admission. The reference escalated all five sampled cases (confidence 3-4).",DDXPlus rates pericarditis severity 4; the ESC diagnostic pathway needs ECG and echocardiography and troponin before the outpatient route opens.
K43,condition,1,SLE,True,INCLUDE,,tier file,Aringer 2019 Ann Rheum Dis 78:1151,Tier-3 truth; rule P6 promotes the cases with significant dyspnoea (all three sampled).,Not a patch: the condition verdict follows the tier file.
K44,condition,1,Sarcoidosis,True,INCLUDE,,tier file,Birnie 2014 Heart Rhythm 11:1305 (HRS cardiac sarcoidosis),Tier-3 truth; rule P4 promotes the convulsive-loss-of-consciousness case; the other sampled case was routine.,Not a patch: the condition verdict follows the tier file.
K45,condition,1,Viral pharyngitis,True,INCLUDE,,tier file,NICE NG84 (2018),Tier-3 truth; rule P1 promotes the haemoptysis cases at 40 and over or with a risk factor (both sampled escalated); the rest routine.,Not a patch: the condition verdict follows the tier file.
K46,condition,1,Whooping cough,True,INCLUDE,,tier file,CDC Pertussis clinical features; UKHSA pertussis guidance (2026),Tier-3 truth; every sampled case routine.,Not a patch: the condition verdict follows the tier file.
K47,condition,1,Chronic rhinosinusitis,True,INCLUDE,,tier file,NICE NG79 (2017),Tier-3 truth; every sampled case routine.,Not a patch: the condition verdict follows the tier file.
K48,condition,1,Panic attack,True,INCLUDE,,tier file,Kline 2004 J Thromb Haemost 2:1247 (PERC),Tier-3 truth; the two BENIGN sampled cases were routine; rules P12 P13 promote chest pain the HEART or PERC history items cannot close.,Not a patch: the condition verdict follows the tier file.
K49,condition,1,URTI,True,INCLUDE,,tier file,Lim 2009 Thorax 64:iii1 (CRB-65),Tier-3 truth; every sampled case routine.,Not a patch: the condition verdict follows the tier file.
P1,a,10,any,E_45 and (age >= 40 or E_227 or E_2 or E_44 or E_61 or E_208 or E_18),SERIOUS,C34|A15|A16|J18|J47|I26|J96,guideline,NICE NG12 1.1.1 (2015 updated 2023); NICE NG33 Tuberculosis 1.2.4.1 (2016 updated 2024); CDC TB risk factors (2024); Flume 2010 Am J Respir Crit Care Med 182:298 (CF Foundation haemoptysis guideline),"Haemoptysis at 40 and over is a suspected-cancer pathway referral (NG12 1.1.1: 'aged 40 and over with unexplained haemoptysis'). At any age with a TB risk factor named by NG33 1.2.4.1 or the CDC (HIV, injecting drug use, immunosuppression, corticosteroids, low body weight) it is a TB investigation pathway; in cystic fibrosis any haemoptysis is a call to the care team and massive haemoptysis an admission (Flume 2010), and the intake cannot grade the volume. A routine answer on such a patient is unsafe whatever the label. Narrowed 2026-09-26: dyspnoea (E_66) and COPD (E_123) left the trigger because no source names them as haemoptysis modifiers.",The generator places haemoptysis (E_45) in the symptom sets of pharyngitis and bronchiectasis and tuberculosis and pneumonia; the per-condition rating ignores it. The age band and risk factors keep a young low-risk pharyngitis with blood-streaked sputum out (rule X9) instead of labelling it.
P2,a,11,any,E_140 or E_210,SERIOUS,K92|K25|K26|K27|K28|I85|D62,guideline,NICE CG141 (2012 updated 2016); Blatchford 2000 Lancet 356:1318,Melaena or haematemesis is acute upper GI bleeding: every patient is risk-scored at first assessment and melaena alone scores above 0 on Glasgow-Blatchford.,The GERD and anaemia symptom sets carry melaena (E_140) and haematemesis (E_210); DDXPlus rates the condition and not the bleed the intake reports.
P3,a,12,any,E_179 and (E_82 or E_154),SERIOUS,K92|K62|D62|C18|C19|C20,guideline,Oakland 2019 Gut 68:776 (BSG lower GI bleeding),"Rectal bleeding with presyncope or pallor is not minor self-terminating bleeding: the BSG pathway sorts patients by haemodynamic stability (shock index) and the Oakland score, whose items include heart rate, blood pressure and haemoglobin, and admits the unstable and major groups. Narrowed 2026-09-26: an anticoagulant alone (E_146) and dyspnoea (E_66) left the trigger because the guideline treats anticoagulation as a management question, not an admission criterion, and does not mention dyspnoea.",The anaemia symptom set carries rectal bleeding (E_179); the severity-4 rating is for uncomplicated anaemia.
P4,a,13,any,E_43,SERIOUS,R56|G40|G41,guideline,NICE CG109 Transient loss of consciousness 1.2.2.1 (2010 updated 2014),"A transient loss of consciousness with features strongly suggestive of an epileptic seizure (a bitten tongue, prolonged limb-jerking, confusion after the event) is referred for assessment by a specialist in epilepsy within 2 weeks, whatever the working diagnosis; that is an escalation beyond routine care, not a same-day one. Re-cited 2026-09-26: Huff 2014 is an emergency-department policy for patients already in the department and cannot ground the referral.",The sarcoidosis symptom set carries a convulsive loss of consciousness (E_43; 56% of adult cases); the severity-4 rating is for uncomplicated sarcoidosis.
P5,c,42,any,E_167 and (E_82 or E_66),EXCLUDE,,guideline,ACOG Practice Bulletin 193 (2018); Konstantinides 2019 Eur Heart J 41:543 section 4.1,"Presyncope or significant dyspnoea in a woman who may be pregnant is ectopic pregnancy or pulmonary embolism until assessed: 'tubal ectopic pregnancy in an unstable patient is a medical emergency' (ACOG 193) and 'PE is suspected in a patient with dyspnoea, chest pain, pre-syncope or syncope' (ESC 2019). Narrowed 2026-09-26: the anticoagulant arm (E_146) and pallor (E_154) left the trigger because no reached source treats either as an escalation criterion; a bleeding-on-anticoagulant source (Steffel 2021, EHRA NOAC guide) is a candidate for a later phase. Demoted to EXCLUDE 2026-09-27 (decision 21): the Phase 2b blind reference agreed on 7 of 9 decided cases (77.8%, below the 80% bar of criterion 3); the two disagreements were young women with heavy periods, whom the reference kept routine. A case the rule alone made SERIOUS leaves the slice; the danger set (O00, I26, D62) is no longer credited, because a demoted rule no longer meets the patch bar.",The anaemia antecedent set carries pregnancy (E_167); the rating is per condition and ignores it.
P6,a,15,SLE,E_66,SERIOUS,M32|I30|I31|J90|I26|I40,guideline; clinical reasoning for the dyspnoea step,Adler 2015 Eur Heart J 36:2921 section 3.1.1; Aringer 2019 Ann Rheum Dis 78:1151 Table 2,"Significant dyspnoea in lupus may be pleural or pericardial serositis, both weighted items of the classification criteria (Aringer Table 2: effusion 5, acute pericarditis 6), and 'any clinical presentation that may suggest ... a systemic inflammatory disease ... warrants hospital admission and an aetiology search' (Adler 3.1.1). The step from dyspnoea to suspected serositis is clinical reasoning; no reached guideline states it. Re-cited 2026-09-26.",The SLE symptom set carries significant dyspnoea (E_66); the severity-4 rating is for uncomplicated lupus.
P7,u,16,Myasthenia gravis,E_66 or E_65 or E_63,UPGRADE,G70|J96|G61,guideline,Wendell and Levine 2011 Neurohospitalist 1:16; Sanders 2016 Neurology 87:419 (international consensus guidance),"Bulbar weakness (dysphagia, speech signs) or dyspnoea in myasthenia is an impending crisis: 'impending crisis requires hospital admission and close observation of respiratory and bulbar function' (Sanders 2016). Re-cited 2026-09-26: the 2021 update (Narayanaswami) carries no crisis definition. Condition-level trigger of K33: the upgrade applies when it fires.",The myasthenia symptom set carries dysphagia and dysarthria and dyspnoea; the severity-3 rating is for stable myasthenia.
P9,u,18,Atrial fibrillation,E_66 or E_82 or E_159 or E_106,UPGRADE,I48|I50|I21|I47|E05,guideline,Van Gelder 2024 Eur Heart J 45:3314 (ESC AF); Joglar 2024 Circulation 149:e1 (ACC/AHA AF),"New atrial fibrillation with dyspnoea, presyncope, syncope or heart failure is haemodynamic instability or decompensation until examined, and 'in patients with hemodynamic instability attributable to AF, immediate electrical cardioversion should be performed' (Joglar 2024, COR 1). Narrowed 2026-09-26: prior infarction or angina (E_105), a valve or structural heart defect (E_22, E_139) and hyperthyroidism (E_19) left the trigger because both guidelines handle them at the routine work-up of newly diagnosed AF, not as same-day criteria. Condition-level trigger of K24: the upgrade applies when it fires.",The atrial-fibrillation symptom and antecedent sets carry dyspnoea and presyncope and heart failure; the severity-3 rating ignores them.
P10,u,19,Acute COPD exacerbation / infection,E_66,UPGRADE,J44|J96|J18|J93,guideline,GOLD 2024 report chapter 4 (management of exacerbations),GOLD's indications for hospitalisation assessment (Figure 4.4) open with 'severe symptoms such as sudden worsening of resting dyspnea'; more than 80% of exacerbations are managed as outpatients. Narrowed 2026-09-26: severe underlying COPD (E_31) left the trigger because the figure does not list it; GOLD says only that the setting depends on the severity of the exacerbation and of the underlying disease. Condition-level trigger of K23: the upgrade applies when it fires.,GOLD grades the exacerbation by dyspnoea and baseline severity; DDXPlus rates every exacerbation severity 3.
P12,a,21,any,chest_pain and (E_220 or onset >= 7) and (age >= 50 or E_109 or E_196 or E_100 or E_34 or E_37 or E_110 or unilateral_leg_swelling),SERIOUS,I26|J93|I21|S22|M84|C79,validated rule,Kline 2004 J Thromb Haemost 2:1247 (PERC); Wells 2000 Thromb Haemost 83:416; NICE NG158 1.2 (suspected PE pathway; read through a secondary reproduction); Roberts 2023 Thorax 78:s1 (BTS pleural),"Pleuritic or sudden chest pain in a patient 50 or over, on hormones, with one-sided leg swelling, or with a prior DVT, recent surgery, immobilisation or cancer fails PERC (Kline: age under 50, no hormone use, no unilateral leg swelling, no prior DVT or PE, no recent surgery) or scores on Wells (immobilisation or surgery, previous DVT or PE, malignancy), so PE cannot be closed without a D-dimer or imaging, which the visit cannot do; pneumothorax needs a chest film. Reworded 2026-09-26: a failed PERC means 'test further', not 'high risk'; the escalation is the test, in the sense of the reference's standard.",The per-condition rating ignores the age and VTE-risk items on which the PERC and Wells rules turn.
P13,a,22,any,chest_pain and age >= 65 and (E_105 or risk_factors >= 3),SERIOUS,I20|I21|I24|I25|I26|I71,validated rule,Six 2008 Neth Heart J 16:191 (HEART); Gulati 2021 Circulation 144:e368 (read through secondary open-access papers),"HEART's two history items alone total 4 when the patient is 65 or over (2 points) and has known coronary disease or three or more risk factors (2 points): the band Six 2008 says 'implies admission for clinical observation', before the ECG and troponin add anything. Narrowed 2026-09-26: age 65 alone (2 points), known coronary disease alone (2) and three risk factors at 45-64 (3) all sit in the 0-3 band that 'supports an immediate discharge', so they left the trigger. Gulati 2021 grounds the ECG-and-troponin evaluation of acute chest pain, not an age gate.",The per-condition rating ignores the age and known coronary disease and risk-factor count on which the HEART score turns.
P14,a,23,any,(E_176 or E_156) and head_pain,SERIOUS,I63|I61|G45|I60,guideline,NICE NG128 recommendation 1.1.1 (2019 updated 2022),"Reported limb or facial weakness with a headache is FAST-positive (Face, Arm) and goes to the stroke pathway: NG128 1.1.1 asks primary care to use FAST for sudden-onset neurological symptoms and to refer suspected TIA within 24 hours. The headache requirement is our narrowing (FAST does not need it), so the rule promotes fewer cases than the source would. One sampled case (confidence 5).",The cluster-headache symptom set carries limb or facial weakness (E_176; 1.4% of adult cases); the rating is for uncomplicated cluster headache.
P15,a,24,any,unilateral_leg_swelling and (E_109 or E_34 or E_37 or E_196 or E_110),SERIOUS,I82|I26,validated rule,Wells 1997 Lancet 350:1795; Wells 2003 N Engl J Med 349:1227 (previous DVT item); NICE NG158 1.1 (2020 updated 2023; read through a secondary reproduction),"One-sided leg swelling with a Wells item (active or metastatic cancer, recent major surgery, bedridden more than 3 days, previous DVT) scores 2 or more, 'DVT likely', and NG158 sends the patient for an ultrasound within 4 hours. Narrowed 2026-09-26: hormone use (E_100) left the trigger because it is not a Wells item.",The localized-oedema antecedent set carries prior DVT and cancer and surgery and immobility; the severity-4 rating ignores them. No audited case; Phase 2 tests it.
D1,b,30,dxa,cardinal_absent,DROP_TARGET,,guideline,Per-condition cardinal features (rows C-*),A DXA-derived tier-1 target is dropped when the intake carries none of that condition's cardinal features; the reference kept two laryngitis cases routine for exactly this reason.,DXA substitutes a serious condition for a benign truth on evidence that does not carry that condition's cardinal features (docs/dxa-red-herrings.md).
X4,c,43,Scombroid food poisoning,not (E_66 or E_214 or E_82 or E_159 or E_194),EXCLUDE,,guideline,Cardona 2020 World Allergy Organ J 13:100472; Eyer-Silva 2022 (PMC9128715); Feng 2016 Clin Rev Allergy Immunol 50:64,"Skin-only histamine poisoning does not meet the WAO anaphylaxis criteria (skin or mucosa plus respiratory compromise or reduced blood pressure or its symptoms), and scombroid 'varies from a mild, short, self-limited illness to severe and life-threatening poisoning' (Eyer-Silva 2022). Presyncope (E_82) is read as a reduced-blood-pressure symptom; the WAO names collapse and syncope. Excluded (no downgrade).",DDXPlus rates every scombroid case severity 2; the WAO criteria make the skin-only presentation self-limiting.
X5,c,44,Pancreatic neoplasm,not (E_188 or E_162 or E_174),EXCLUDE,,guideline,NICE NG12 1.2.4-1.2.5 (2015 updated 2023); docs/v0.2-decoder-audit.md (jaundice as a yellow lesion),Without pale stools and dark urine or weight loss the only cancer signal is jaundice rendered as a yellow skin lesion; the reference was uncertain.,The generator encodes jaundice as a skin lesion (decoder audit unfixed defect 1); the cancer signal is degraded.
X6,c,45,Localized edema,E_106 or E_126 or E_197 or E_113,EXCLUDE,,guideline,Trayes 2013 Am Fam Physician 88:102; McDonagh 2021 Eur Heart J 42:3599 (ESC heart failure),Bilateral oedema on a heart-failure or cirrhosis or nephrotic or renal background is possible decompensation; bloods and vitals decide and the intake has neither (two of three sampled cases uncertain).,The localized-oedema antecedent set stacks heart failure and cirrhosis and nephrotic and renal disease (97% of adult cases); the presentation is ambiguous without bloods.
X7,c,46,Bronchitis,E_66,EXCLUDE,,guideline,GOLD 2024 chapter 4; Lim 2009 Thorax 64:iii1 (BTS CAP; CRB-65),"Significant dyspnoea in bronchitis is pneumonia or, in a patient with COPD, an exacerbation, and the care setting depends on the respiratory rate, blood pressure and oximetry the intake lacks: BTS recommends CRB-65 with clinical judgement for the home-or-hospital decision and pulse oximetry in general practice (Lim 2009 recommendations 43, 44, 58); GOLD grades the exacerbation by respiratory rate and saturation. One escalation at confidence 3; one uncertain.",The bronchitis symptom set carries significant dyspnoea (E_66; 58% of adult cases); the setting depends on vitals the intake lacks.
X8,c,47,Anemia,E_82 or E_66,EXCLUDE,,clinical reasoning,Snook 2021 Gut 70:2030 (symptomatic anaemia needs urgent assessment),Symptomatic anaemia without bleeding or pregnancy is defined and graded by the haemoglobin the intake lacks (BSG: anaemia is Hb below 130 g/L in men and 120 g/L in non-pregnant women; transfusion 'may on occasion be required to treat symptomatic IDA'); excluded rather than labelled.,Symptomatic anaemia without a modifier is ambiguous without a haemoglobin.
X9,c,48,any,tier == 3 and (spec_red_flag or r5_only),EXCLUDE,,spec,spec/v0.3-scoring.md section 4 (OTHER class) and section 7,A tier-3 truth with an unresolved section-7 red flag (thunderclap headache; fever with immunosuppression; a bleeding code no layer-a rule reached) or an R5-only target stays out of the headline as in the spec.,Unchanged from the spec.
X10,c,49,any,tier == 2,EXCLUDE,,spec,spec/v0.3-scoring.md amendment A3,A tier-2 truth that no UPGRADE or layer-a rule reaches stays out of the headline: the tier sources are silent on it.,Unchanged from the spec.
X11,c,50,any,tier == 3 and dxa_only_target,EXCLUDE,,Phase 2 reference,"results/phase2/label_validation.md (freeze 45a7599, seed 20261003): the SERIOUS-by-DXA-only stratum was 60.0% ESCALATE (12 of 20) against the 92% target, and 62 of the 88 disputed full misses in the Phase 2 model run fell on it","A tier-3 truth that no layer-a rule or UPGRADE reached, whose only serious target is DXA-derived, leaves the slice: the blind Phase 2 reference kept 8 of 20 such cases routine (a panic attack in a young adult with chronic anxiety and no cardiac risk factor is closed by an office ECG and vitals; NICE CG113 1.3.6, HEART age 0), so the class is not one a clinician would sign. Added 2026-09-27 (decision 12) before the Phase 2b draw; a layer-a upgrade wins, as for X6-X10.",DXA substitutes a serious condition for a benign truth on evidence a reviewer reading the intake does not escalate on; rule D1 removes the cases without the cardinal features and this rule removes the rest.
A1,d,50,any,chest_pain and (tearing_pain or (onset >= 8 and back_radiation)),ADD,I71,validated rule,Rogers 2011 Circulation 123:2213 (aortic dissection detection risk score),"Tearing or ripping pain scores on the ADD-RS pain category, as does abrupt onset; any one feature scores the category (Rogers 2011). The back-radiation requirement on the abrupt-onset arm is our narrowing, not an ADD-RS item, so the rule credits dissection on fewer cases than the score would. Dissection is outside DDXPlus, so a model naming it is credited rather than charged a partial.",Aortic dissection is outside DDXPlus so the key can never list it; the ADD-RS pain features identify the cases where a model naming it is right.
A2,d,51,any,True,ADD,layer-a dangers,guideline,The layer-a rule whose trigger fires,On a tier-1 truth the layer-a danger set is added to the valid reasons (a Boerhaave case with haematemesis credits a GI-bleed flag); the class is unchanged.,As the layer-a rule that fires; on a tier-1 truth the red flag names a second valid reason.
C-MI,cardinal,60,Possible NSTEMI / STEMI,chest_pain or E_14,,,guideline,Gulati 2021 Circulation 144:e368,Chest pain is the presenting feature the guideline evaluates.,Cardinal-feature definition for rule D1.
C-UA,cardinal,61,Unstable angina,chest_pain or E_14,,,guideline,Gulati 2021 Circulation 144:e368; Byrne 2023 Eur Heart J 44:3720,As C-MI.,Cardinal-feature definition for rule D1.
C-SA,cardinal,62,Stable angina,chest_pain or E_14 or E_218,,,guideline,Gulati 2021 Circulation 144:e368,Exertional chest symptoms define angina.,Cardinal-feature definition for rule D1.
C-PE,cardinal,63,Pulmonary embolism,chest_pain or E_66 or E_159 or E_45 or unilateral_leg_swelling,,,validated rule,Wells 2000 Thromb Haemost 83:416; Konstantinides 2019 Eur Heart J 41:543,Wells items and the ESC presenting features.,Cardinal-feature definition for rule D1.
C-PTX,cardinal,64,Spontaneous pneumothorax,chest_pain and (E_66 or E_220 or onset >= 7),,,guideline,Roberts 2023 Thorax 78:s1 (BTS pleural disease),Sudden pleuritic chest pain with or without breathlessness.,Cardinal-feature definition for rule D1.
C-BOER,cardinal,65,Boerhaave,E_211 or E_210,,,review,de Schipper 2009 Dig Surg 26:1; Connelly 2013 Ann R Coll Surg Engl 95:557,Spontaneous rupture follows forceful vomiting; the target on a rib-fracture case without vomiting is a substitution.,Cardinal-feature definition for rule D1.
C-EPI,cardinal,66,Epiglottitis,E_194 or E_190 or E_65 or E_33 or E_66,,,systematic review,Guardiani 2010 Laryngoscope 120:2183; Sideris 2020 Laryngoscope 130:465,Stridor and drooling and dysphagia and the tripod position predict airway intervention; sore throat with hoarseness alone does not.,Cardinal-feature definition for rule D1.
C-CROUP,cardinal,67,Croup,E_202 or E_194,,,clinical reasoning,DDXPlus evidence set for croup (barking cough E_202 and stridor E_194),Barking cough or stridor.,Cardinal-feature definition for rule D1.
C-LSP,cardinal,68,Larygospasm,E_194 or E_128,,,review,Zochios 2015 J Intensive Care Soc 16:272,Stridor or an episode of being unable to breathe or speak.,Cardinal-feature definition for rule D1.
C-ANA,cardinal,69,Anaphylaxis,E_42 or ((E_129 or E_151) and (E_66 or E_214 or E_194 or E_82 or E_159)),,,guideline,Cardona 2020 World Allergy Organ J 13:100472,Allergen contact or skin or mucosal involvement with respiratory or cardiovascular compromise.,Cardinal-feature definition for rule D1.
C-SCOM,cardinal,70,Scombroid food poisoning,E_187 or (E_129 and (E_66 or E_214 or E_82)),,,review,Feng 2016 Clin Rev Allergy Immunol 50:64,Fish or cheese exposure or an allergy-like reaction with respiratory or cardiovascular features.,Cardinal-feature definition for rule D1.
C-GBS,cardinal,71,Guillain-Barré syndrome,E_84,,,review,Leonhard 2019 Nat Rev Neurol 15:671,Bilateral limb weakness is the defining feature.,Cardinal-feature definition for rule D1.
C-MYO,cardinal,72,Myocarditis,chest_pain or E_155 or E_66,,,guideline,Adler 2015 Eur Heart J 36:2921 (myopericarditis),Chest pain or palpitations or dyspnoea.,Cardinal-feature definition for rule D1.
C-APE,cardinal,73,Acute pulmonary edema,E_66 or E_67 or E_217 or E_64,,,guideline,McDonagh 2021 Eur Heart J 42:3599,Dyspnoea or orthopnoea or paroxysmal nocturnal dyspnoea.,Cardinal-feature definition for rule D1.
C-PSVT,cardinal,74,PSVT,E_155 or E_164,,,guideline,Brugada 2020 Eur Heart J 41:655 (ESC SVT),Palpitations are the presenting symptom.,Cardinal-feature definition for rule D1.
C-DYS,cardinal,75,Acute dystonic reactions,E_15 or E_147 or E_193 or E_192 or E_205 or E_168 or E_180,,,review,van Harten 1999 BMJ 319:623,Recent antipsychotic or parenteral antiemetic or a dystonic sign.,Cardinal-feature definition for rule D1.
C-EBO,cardinal,76,Ebola,E_73 or travel_west_africa,,,guideline,CDC Clinical Guidance for Ebola Disease (2026),Exposure or travel within 21 days.,Cardinal-feature definition for rule D1.
C-AST,cardinal,77,Bronchospasm / acute asthma exacerbation,E_214 or E_112 or E_66 or E_124,,,guideline,BTS/SIGN 158 (2019) section 9,Wheeze or dyspnoea or a history of asthma.,Cardinal-feature definition for rule D1.
C-PNE,cardinal,78,Pneumonia,(E_91 or E_94) and (E_201 or E_77 or chest_pain or E_66),,,guideline,Lim 2009 Thorax 64:iii1 (BTS CAP),Fever or rigors with cough or sputum or chest pain or dyspnoea.,Cardinal-feature definition for rule D1.
C-LCA,cardinal,79,Pulmonary neoplasm,E_45 or E_162 or E_174 or (age >= 40 and E_201 and (E_79 or E_191)),,,guideline,NICE NG12 1.1.1-1.1.2,Haemoptysis or weight loss or cough in a smoker at 40 and over.,Cardinal-feature definition for rule D1.
C-PCA,cardinal,80,Pancreatic neoplasm,E_188 or (age >= 60 and (E_162 or E_174)),,,guideline,NICE NG12 1.2.4-1.2.5,Jaundice (pale stools and dark urine) or weight loss at 60 and over.,Cardinal-feature definition for rule D1.
