condition,icd10,ddxplus_severity,tier,sources,label_source,external_tier,external_source_row,nhamcs_n_primary,nhamcs_admit_rate,nhamcs_icu_rate,nhamcs_death_rate,nts_level,benefit_time_sensitivity,published_threshold,threshold_source
Acute pulmonary edema,J81.0,1,1,"DDXPlus severity 1 (release_conditions.json), crosswalk 1-2 -> tier 1, 3 -> tier 2, 4-5 -> tier 3; NHAMCS 2016-2022 primary diagnosis, n=36: admit 0.733, ICU 0.242, ED death 0.0000",DDXPlus severity,1,none: not a named row in Newman-Toker 2023 Table 1; external tier falls back to DDXPlus severity 1,36,0.733,0.242,0.0000,1,"Hours: in-hospital mortality 7.4% (ALARM-HF, via docs/ddxplus-severity-validation.md)",,
Anaphylaxis,T78.0,1,1,"DDXPlus severity 1 (release_conditions.json), crosswalk 1-2 -> tier 1, 3 -> tier 2, 4-5 -> tier 3; NHAMCS 2016-2022 primary diagnosis, n=76: admit 0.092, ICU 0.080, ED death 0.0000",DDXPlus severity,1,none: not a named row in Newman-Toker 2023 Table 1; external tier falls back to DDXPlus severity 1,76,0.092,0.080,0.0000,1,Minutes: WAO 2020 immediate epinephrine (via docs/ddxplus-severity-validation.md),"None: treatment is given on clinical criteria, not a probability threshold","WAO 2020 guidance, via docs/ddxplus-severity-validation.md"
Ebola,A98.4,1,1,"DDXPlus severity 1 (release_conditions.json), crosswalk 1-2 -> tier 1, 3 -> tier 2, 4-5 -> tier 3; NHAMCS: fewer than 30 primary-diagnosis visits (n=0), no rate",DDXPlus severity,1,none: not a named row in Newman-Toker 2023 Table 1; external tier falls back to DDXPlus severity 1,0,,,,1,"Case fatality about 50% (WHO, via docs/ddxplus-severity-validation.md); no time-benefit figure",,
Larygospasm,J38.5,1,1,"DDXPlus severity 1 (release_conditions.json), crosswalk 1-2 -> tier 1, 3 -> tier 2, 4-5 -> tier 3; NHAMCS: fewer than 30 primary-diagnosis visits (n=0), no rate",DDXPlus severity,1,none: not a named row in Newman-Toker 2023 Table 1; external tier falls back to DDXPlus severity 1,0,,,,2,None found (docs/ddxplus-severity-validation.md),,
Possible NSTEMI / STEMI,I21,1,1,"DDXPlus severity 1 (release_conditions.json), crosswalk 1-2 -> tier 1, 3 -> tier 2, 4-5 -> tier 3; Newman-Toker 2023 BMJ Qual Saf Table 1, row 'Myocardial Infarction' (error 1.5%, serious harm 0.8% per case); Newman-Toker 2019 Diagnosis (CRICO CBS 2006-2015) names MI among the 15 Big Three diseases; NHAMCS 2016-2022 primary diagnosis, n=258: admit 0.891, ICU 0.157, ED death 0.0488",DDXPlus severity,1,"Newman-Toker 2023 BMJ Qual Saf Table 1, row 'Myocardial Infarction' (error 1.5%, serious harm 0.8% per case); Newman-Toker 2019 Diagnosis (CRICO CBS 2006-2015) names MI among the 15 Big Three diseases",258,0.891,0.157,0.0488,1,"Time-critical: door-to-balloon <= 90 min Class I (ACC/AHA STEMI guideline, via docs/ddxplus-severity-validation.md); missed MI discharged from ED has risk-adjusted mortality ratio 1.9 (95% CI 0.7-5.2) (Pope 2000 NEJM, PMID 10770981)","HEART score 0-3: MACE 1.7% (validation, n=2440) and 2.5% (derivation), treated as safe for discharge",Backus 2013 Int J Cardiol PMID 23465250; Six 2008 Neth Heart J PMID 18665203
Acute dystonic reactions,G24.02,2,1,"DDXPlus severity 2 (release_conditions.json), crosswalk 1-2 -> tier 1, 3 -> tier 2, 4-5 -> tier 3; NHAMCS: fewer than 30 primary-diagnosis visits (n=1), no rate",DDXPlus severity,2,none: not a named row in Newman-Toker 2023 Table 1; external tier falls back to DDXPlus severity 2,1,,,,2,,,
Boerhaave,K22.3,2,1,"DDXPlus severity 2 (release_conditions.json), crosswalk 1-2 -> tier 1, 3 -> tier 2, 4-5 -> tier 3; NHAMCS: fewer than 30 primary-diagnosis visits (n=0), no rate",DDXPlus severity,2,none: not a named row in Newman-Toker 2023 Table 1; external tier falls back to DDXPlus severity 2,0,,,,1,,,
Croup,J05.0,2,1,"DDXPlus severity 2 (release_conditions.json), crosswalk 1-2 -> tier 1, 3 -> tier 2, 4-5 -> tier 3; NHAMCS 2016-2022 primary diagnosis, n=341: admit 0.031, ICU 0.007, ED death 0.0000",DDXPlus severity,2,none: not a named row in Newman-Toker 2023 Table 1; external tier falls back to DDXPlus severity 2,341,0.031,0.007,0.0000,2,,,
Epiglottitis,J05.1,2,1,"DDXPlus severity 2 (release_conditions.json), crosswalk 1-2 -> tier 1, 3 -> tier 2, 4-5 -> tier 3; NHAMCS: fewer than 30 primary-diagnosis visits (n=1), no rate",DDXPlus severity,2,none: not a named row in Newman-Toker 2023 Table 1; external tier falls back to DDXPlus severity 2,1,,,,1,,None published,-
Guillain-Barré syndrome,G61.0,2,1,"DDXPlus severity 2 (release_conditions.json), crosswalk 1-2 -> tier 1, 3 -> tier 2, 4-5 -> tier 3; NHAMCS: fewer than 30 primary-diagnosis visits (n=0), no rate",DDXPlus severity,2,none: not a named row in Newman-Toker 2023 Table 1; external tier falls back to DDXPlus severity 2,0,,,,2,,,
Myocarditis,I51.4,2,1,"DDXPlus severity 2 (release_conditions.json), crosswalk 1-2 -> tier 1, 3 -> tier 2, 4-5 -> tier 3; NHAMCS: fewer than 30 primary-diagnosis visits (n=1), no rate",DDXPlus severity,2,none: not a named row in Newman-Toker 2023 Table 1; external tier falls back to DDXPlus severity 2,1,,,,2,,,
PSVT,I47.1,2,1,"DDXPlus severity 2 (release_conditions.json), crosswalk 1-2 -> tier 1, 3 -> tier 2, 4-5 -> tier 3; NHAMCS 2016-2022 primary diagnosis, n=88: admit 0.189, ICU 0.046, ED death 0.0000",DDXPlus severity,2,none: not a named row in Newman-Toker 2023 Table 1; external tier falls back to DDXPlus severity 2,88,0.189,0.046,0.0000,2,,,
Pulmonary embolism,I26,2,1,"DDXPlus severity 2 (release_conditions.json), crosswalk 1-2 -> tier 1, 3 -> tier 2, 4-5 -> tier 3; Newman-Toker 2023 Table 1, row 'Venous Thromboembolism' (error 20.4%, serious harm 10.9%); 2019 Big Three list; NHAMCS 2016-2022 primary diagnosis, n=117: admit 0.805, ICU 0.137, ED death 0.0000",DDXPlus severity,1,"Newman-Toker 2023 Table 1, row 'Venous Thromboembolism' (error 20.4%, serious harm 10.9%); 2019 Big Three list",117,0.805,0.137,0.0000,1,"Time-critical: untreated recurrent or fatal PE 10/19 vs 1/54 treated (Barritt and Jordan 1960, via docs/ddxplus-severity-validation.md); NICE NG158 imaging within 4 h or interim anticoagulation (via same doc)","Test threshold 1.8% (Pauker-Kassirer method); PERC-negative plus gestalt <15% gives post-test VTE or death 1.0% (95% CI 0.6-1.6), below the 2% target",Kline 2004 J Thromb Haemost PMID 15304025; Kline 2008 J Thromb Haemost PMID 18318689
Scombroid food poisoning,T61.1,2,1,"DDXPlus severity 2 (release_conditions.json), crosswalk 1-2 -> tier 1, 3 -> tier 2, 4-5 -> tier 3; NHAMCS: fewer than 30 primary-diagnosis visits (n=1), no rate",DDXPlus severity,2,none: not a named row in Newman-Toker 2023 Table 1; external tier falls back to DDXPlus severity 2,1,,,,3,,,
Spontaneous pneumothorax,J93,2,1,"DDXPlus severity 2 (release_conditions.json), crosswalk 1-2 -> tier 1, 3 -> tier 2, 4-5 -> tier 3; NHAMCS 2016-2022 primary diagnosis, n=30: admit 0.502, ICU 0.010, ED death 0.0000",DDXPlus severity,2,none: not a named row in Newman-Toker 2023 Table 1; external tier falls back to DDXPlus severity 2,30,0.502,0.010,0.0000,2,,None published as a probability; BTS 2023 manages by size and symptoms after ED assessment,"BTS pleural guideline 2023, via docs/ddxplus-severity-validation.md"
Stable angina,I20.9,2,1,"DDXPlus severity 2 (release_conditions.json), crosswalk 1-2 -> tier 1, 3 -> tier 2, 4-5 -> tier 3; NHAMCS 2016-2022 primary diagnosis, n=86: admit 0.569, ICU 0.011, ED death 0.0020",DDXPlus severity,2,none: not a named row in Newman-Toker 2023 Table 1; external tier falls back to DDXPlus severity 2,86,0.569,0.011,0.0020,4,,,
Unstable angina,I20.0,2,1,"DDXPlus severity 2 (release_conditions.json), crosswalk 1-2 -> tier 1, 3 -> tier 2, 4-5 -> tier 3; NHAMCS 2016-2022 primary diagnosis, n=84: admit 0.709, ICU 0.060, ED death 0.0024",DDXPlus severity,2,none: not a named row in Newman-Toker 2023 Table 1; external tier falls back to DDXPlus severity 2,84,0.709,0.060,0.0024,1,"Hours to 48 h: ESC 2023 ACS pathway (via docs/ddxplus-severity-validation.md); missed UA discharged from ED mortality ratio 1.7 (95% CI 0.2-17.0) (Pope 2000, PMID 10770981)",Same ACS pathway as MI: HEART 0-3 MACE 1.7%,Backus 2013 Int J Cardiol PMID 23465250
Acute COPD exacerbation / infection,J44.1,3,2,"DDXPlus severity 3 (release_conditions.json), crosswalk 1-2 -> tier 1, 3 -> tier 2, 4-5 -> tier 3; NHAMCS 2016-2022 primary diagnosis, n=579: admit 0.377, ICU 0.044, ED death 0.0000",DDXPlus severity,3,none: not a named row in Newman-Toker 2023 Table 1; external tier falls back to DDXPlus severity 3,579,0.377,0.044,0.0000,3,,None as a probability; DECAF score stratifies admitted patients,"Steer 2012 Thorax, via docs/ddxplus-severity-validation.md"
Atrial fibrillation,I48.91,3,2,"DDXPlus severity 3 (release_conditions.json), crosswalk 1-2 -> tier 1, 3 -> tier 2, 4-5 -> tier 3; NHAMCS 2016-2022 primary diagnosis, n=479: admit 0.522, ICU 0.102, ED death 0.0000",DDXPlus severity,3,none: not a named row in Newman-Toker 2023 Table 1; external tier falls back to DDXPlus severity 3,479,0.522,0.102,0.0000,4,,,
Bronchiectasis,J47,3,2,"DDXPlus severity 3 (release_conditions.json), crosswalk 1-2 -> tier 1, 3 -> tier 2, 4-5 -> tier 3; NHAMCS: fewer than 30 primary-diagnosis visits (n=3), no rate",DDXPlus severity,3,none: not a named row in Newman-Toker 2023 Table 1; external tier falls back to DDXPlus severity 3,3,,,,5,,,
Bronchiolitis,J21,3,2,"DDXPlus severity 3 (release_conditions.json), crosswalk 1-2 -> tier 1, 3 -> tier 2, 4-5 -> tier 3; NHAMCS 2016-2022 primary diagnosis, n=325: admit 0.189, ICU 0.023, ED death 0.0000",DDXPlus severity,3,none: not a named row in Newman-Toker 2023 Table 1; external tier falls back to DDXPlus severity 3,325,0.189,0.023,0.0000,3,,,
Bronchospasm / acute asthma exacerbation,J45,3,2,"DDXPlus severity 3 (release_conditions.json), crosswalk 1-2 -> tier 1, 3 -> tier 2, 4-5 -> tier 3; NHAMCS 2016-2022 primary diagnosis, n=1371: admit 0.068, ICU 0.006, ED death 0.0000",DDXPlus severity,3,none: not a named row in Newman-Toker 2023 Table 1; external tier falls back to DDXPlus severity 3,1371,0.068,0.006,0.0000,2,,None as a probability; BTS/SIGN PEF bands set admission,"BTS/SIGN 2019, via docs/ddxplus-severity-validation.md"
Chagas,B57,3,2,"DDXPlus severity 3 (release_conditions.json), crosswalk 1-2 -> tier 1, 3 -> tier 2, 4-5 -> tier 3; NHAMCS: fewer than 30 primary-diagnosis visits (n=0), no rate",DDXPlus severity,3,none: not a named row in Newman-Toker 2023 Table 1; external tier falls back to DDXPlus severity 3,0,,,,5,,,
Cluster headache,G44.009,3,2,"DDXPlus severity 3 (release_conditions.json), crosswalk 1-2 -> tier 1, 3 -> tier 2, 4-5 -> tier 3; NHAMCS: fewer than 30 primary-diagnosis visits (n=17), no rate",DDXPlus severity,3,none: not a named row in Newman-Toker 2023 Table 1; external tier falls back to DDXPlus severity 3,17,,,,3,,,
GERD,K21,3,2,"DDXPlus severity 3 (release_conditions.json), crosswalk 1-2 -> tier 1, 3 -> tier 2, 4-5 -> tier 3; NHAMCS 2016-2022 primary diagnosis, n=286: admit 0.018, ICU 0.002, ED death 0.0000",DDXPlus severity,3,none: not a named row in Newman-Toker 2023 Table 1; external tier falls back to DDXPlus severity 3,286,0.018,0.002,0.0000,5,,,
HIV (initial infection),B20,3,2,"DDXPlus severity 3 (release_conditions.json), crosswalk 1-2 -> tier 1, 3 -> tier 2, 4-5 -> tier 3; NHAMCS 2016-2022 primary diagnosis, n=37: admit 0.449, ICU 0.000, ED death 0.0000",DDXPlus severity,3,none: not a named row in Newman-Toker 2023 Table 1; external tier falls back to DDXPlus severity 3,37,0.449,0.000,0.0000,5,,,
Influenza,J11.1,3,2,"DDXPlus severity 3 (release_conditions.json), crosswalk 1-2 -> tier 1, 3 -> tier 2, 4-5 -> tier 3; NHAMCS 2016-2022 primary diagnosis, n=851: admit 0.040, ICU 0.002, ED death 0.0003",DDXPlus severity,3,none: not a named row in Newman-Toker 2023 Table 1; external tier falls back to DDXPlus severity 3,851,0.040,0.002,0.0003,5,,,
Inguinal hernia,K40,3,2,"DDXPlus severity 3 (release_conditions.json), crosswalk 1-2 -> tier 1, 3 -> tier 2, 4-5 -> tier 3; NHAMCS 2016-2022 primary diagnosis, n=105: admit 0.157, ICU 0.000, ED death 0.0000",DDXPlus severity,3,none: not a named row in Newman-Toker 2023 Table 1; external tier falls back to DDXPlus severity 3,105,0.157,0.000,0.0000,5,,,
Myasthenia gravis,G70.0,3,2,"DDXPlus severity 3 (release_conditions.json), crosswalk 1-2 -> tier 1, 3 -> tier 2, 4-5 -> tier 3; NHAMCS: fewer than 30 primary-diagnosis visits (n=3), no rate",DDXPlus severity,3,none: not a named row in Newman-Toker 2023 Table 1; external tier falls back to DDXPlus severity 3,3,,,,5,,,
Pancreatic neoplasm,C25,3,2,"DDXPlus severity 3 (release_conditions.json), crosswalk 1-2 -> tier 1, 3 -> tier 2, 4-5 -> tier 3; Newman-Toker 2023 Table 1, row 'Other Cancers' (error 11.1%, serious harm 7.4%); not one of the 15 named diseases; NHAMCS: fewer than 30 primary-diagnosis visits (n=6), no rate",DDXPlus severity,1,"Newman-Toker 2023 Table 1, row 'Other Cancers' (error 11.1%, serious harm 7.4%); not one of the 15 named diseases",6,,,,5,Weeks: NICE NG12 2-week pathway (via docs/ddxplus-severity-validation.md); no hourly time-dependence,,
Pneumonia,J17/J18,3,2,"DDXPlus severity 3 (release_conditions.json), crosswalk 1-2 -> tier 1, 3 -> tier 2, 4-5 -> tier 3; Newman-Toker 2023 Table 1, row 'Pneumonia' (error 9.5%, serious harm 4.6%); 2019 Big Three list; NHAMCS 2016-2022 primary diagnosis, n=1186: admit 0.442, ICU 0.058, ED death 0.0002",DDXPlus severity,1,"Newman-Toker 2023 Table 1, row 'Pneumonia' (error 9.5%, serious harm 4.6%); 2019 Big Three list",1186,0.442,0.058,0.0002,3,"Same-day: CURB-65 30-day mortality 0.7% (score 0) to 57% (score 5) (Lim 2003, via docs/ddxplus-severity-validation.md); in septic shock each hour of antimicrobial delay lowers survival 7.6% (Kumar 2006 Crit Care Med, PMID 16625125)",CURB-65 score 0-1 (30-day mortality 0.7-3.2%) suitable for outpatient care; no pre-test probability threshold published,"Lim 2003 Thorax, via docs/ddxplus-severity-validation.md"
Pulmonary neoplasm,C34,3,2,"DDXPlus severity 3 (release_conditions.json), crosswalk 1-2 -> tier 1, 3 -> tier 2, 4-5 -> tier 3; Newman-Toker 2023 Table 1, row 'Lung Cancer' (error 22.5%, serious harm 14.2%); 2019 Big Three list (lung cancer most frequent cancer); NHAMCS: fewer than 30 primary-diagnosis visits (n=28), no rate",DDXPlus severity,1,"Newman-Toker 2023 Table 1, row 'Lung Cancer' (error 22.5%, serious harm 14.2%); 2019 Big Three list (lung cancer most frequent cancer)",28,,,,5,Weeks: NICE NG12 urgent chest X-ray within 2 weeks (via docs/ddxplus-severity-validation.md); no hourly time-dependence,,
Spontaneous rib fracture,S22.9,3,2,"DDXPlus severity 3 (release_conditions.json), crosswalk 1-2 -> tier 1, 3 -> tier 2, 4-5 -> tier 3; NHAMCS 2016-2022 primary diagnosis, n=225: admit 0.182, ICU 0.029, ED death 0.0000",DDXPlus severity,3,none: not a named row in Newman-Toker 2023 Table 1; external tier falls back to DDXPlus severity 3,225,0.182,0.029,0.0000,5,,,
Tuberculosis,A15,3,2,"DDXPlus severity 3 (release_conditions.json), crosswalk 1-2 -> tier 1, 3 -> tier 2, 4-5 -> tier 3; NHAMCS: fewer than 30 primary-diagnosis visits (n=0), no rate",DDXPlus severity,3,none: not a named row in Newman-Toker 2023 Table 1; external tier falls back to DDXPlus severity 3,0,,,,5,,,
Acute laryngitis,J04.0,4,3,"DDXPlus severity 4 (release_conditions.json), crosswalk 1-2 -> tier 1, 3 -> tier 2, 4-5 -> tier 3; NHAMCS: fewer than 30 primary-diagnosis visits (n=29), no rate",DDXPlus severity,3,none: not a named row in Newman-Toker 2023 Table 1; external tier falls back to DDXPlus severity 4,29,,,,5,,,
Acute otitis media,H66.90,4,3,"DDXPlus severity 4 (release_conditions.json), crosswalk 1-2 -> tier 1, 3 -> tier 2, 4-5 -> tier 3; NHAMCS 2016-2022 primary diagnosis, n=1091: admit 0.004, ICU 0.000, ED death 0.0000",DDXPlus severity,3,none: not a named row in Newman-Toker 2023 Table 1; external tier falls back to DDXPlus severity 4,1091,0.004,0.000,0.0000,5,,,
Acute rhinosinusitis,J01,4,3,"DDXPlus severity 4 (release_conditions.json), crosswalk 1-2 -> tier 1, 3 -> tier 2, 4-5 -> tier 3; NHAMCS 2016-2022 primary diagnosis, n=264: admit 0.004, ICU 0.000, ED death 0.0000",DDXPlus severity,3,none: not a named row in Newman-Toker 2023 Table 1; external tier falls back to DDXPlus severity 4,264,0.004,0.000,0.0000,5,,,
Allergic sinusitis,J30,4,3,"DDXPlus severity 4 (release_conditions.json), crosswalk 1-2 -> tier 1, 3 -> tier 2, 4-5 -> tier 3; NHAMCS 2016-2022 primary diagnosis, n=116: admit 0.012, ICU 0.000, ED death 0.0000",DDXPlus severity,3,none: not a named row in Newman-Toker 2023 Table 1; external tier falls back to DDXPlus severity 4,116,0.012,0.000,0.0000,5,,,
Anemia,D64.9,4,3,"DDXPlus severity 4 (release_conditions.json), crosswalk 1-2 -> tier 1, 3 -> tier 2, 4-5 -> tier 3; NHAMCS 2016-2022 primary diagnosis, n=612: admit 0.403, ICU 0.043, ED death 0.0002",DDXPlus severity,3,none: not a named row in Newman-Toker 2023 Table 1; external tier falls back to DDXPlus severity 4,612,0.403,0.043,0.0002,5,,,
Bronchitis,J40,4,3,"DDXPlus severity 4 (release_conditions.json), crosswalk 1-2 -> tier 1, 3 -> tier 2, 4-5 -> tier 3; NHAMCS 2016-2022 primary diagnosis, n=1045: admit 0.021, ICU 0.002, ED death 0.0000",DDXPlus severity,3,none: not a named row in Newman-Toker 2023 Table 1; external tier falls back to DDXPlus severity 4,1045,0.021,0.002,0.0000,5,,,
Localized edema,R60.0,4,3,"DDXPlus severity 4 (release_conditions.json), crosswalk 1-2 -> tier 1, 3 -> tier 2, 4-5 -> tier 3; NHAMCS 2016-2022 primary diagnosis, n=155: admit 0.079, ICU 0.000, ED death 0.0000",DDXPlus severity,3,none: not a named row in Newman-Toker 2023 Table 1; external tier falls back to DDXPlus severity 4,155,0.079,0.000,0.0000,3,,,
Pericarditis,I30,4,3,"DDXPlus severity 4 (release_conditions.json), crosswalk 1-2 -> tier 1, 3 -> tier 2, 4-5 -> tier 3; NHAMCS: fewer than 30 primary-diagnosis visits (n=7), no rate",DDXPlus severity,3,none: not a named row in Newman-Toker 2023 Table 1; external tier falls back to DDXPlus severity 4,7,,,,3,,,
SLE,M32,4,3,"DDXPlus severity 4 (release_conditions.json), crosswalk 1-2 -> tier 1, 3 -> tier 2, 4-5 -> tier 3; NHAMCS: fewer than 30 primary-diagnosis visits (n=17), no rate",DDXPlus severity,3,none: not a named row in Newman-Toker 2023 Table 1; external tier falls back to DDXPlus severity 4,17,,,,5,,,
Sarcoidosis,D86,4,3,"DDXPlus severity 4 (release_conditions.json), crosswalk 1-2 -> tier 1, 3 -> tier 2, 4-5 -> tier 3; NHAMCS: fewer than 30 primary-diagnosis visits (n=1), no rate",DDXPlus severity,3,none: not a named row in Newman-Toker 2023 Table 1; external tier falls back to DDXPlus severity 4,1,,,,5,,,
Viral pharyngitis,J02.9,4,3,"DDXPlus severity 4 (release_conditions.json), crosswalk 1-2 -> tier 1, 3 -> tier 2, 4-5 -> tier 3; NHAMCS 2016-2022 primary diagnosis, n=1131: admit 0.005, ICU 0.000, ED death 0.0000",DDXPlus severity,3,none: not a named row in Newman-Toker 2023 Table 1; external tier falls back to DDXPlus severity 4,1131,0.005,0.000,0.0000,5,,,
Whooping cough,A37,4,3,"DDXPlus severity 4 (release_conditions.json), crosswalk 1-2 -> tier 1, 3 -> tier 2, 4-5 -> tier 3; NHAMCS: fewer than 30 primary-diagnosis visits (n=1), no rate",DDXPlus severity,3,none: not a named row in Newman-Toker 2023 Table 1; external tier falls back to DDXPlus severity 4,1,,,,5,,,
Chronic rhinosinusitis,J32,5,3,"DDXPlus severity 5 (release_conditions.json), crosswalk 1-2 -> tier 1, 3 -> tier 2, 4-5 -> tier 3; NHAMCS 2016-2022 primary diagnosis, n=182: admit 0.015, ICU 0.000, ED death 0.0000",DDXPlus severity,3,none: not a named row in Newman-Toker 2023 Table 1; external tier falls back to DDXPlus severity 5,182,0.015,0.000,0.0000,5,,,
Panic attack,F41,5,3,"DDXPlus severity 5 (release_conditions.json), crosswalk 1-2 -> tier 1, 3 -> tier 2, 4-5 -> tier 3; NHAMCS 2016-2022 primary diagnosis, n=901: admit 0.034, ICU 0.004, ED death 0.0000",DDXPlus severity,3,none: not a named row in Newman-Toker 2023 Table 1; external tier falls back to DDXPlus severity 5,901,0.034,0.004,0.0000,5,,,
URTI,J06.9,5,3,"DDXPlus severity 5 (release_conditions.json), crosswalk 1-2 -> tier 1, 3 -> tier 2, 4-5 -> tier 3; NHAMCS 2016-2022 primary diagnosis, n=2527: admit 0.013, ICU 0.003, ED death 0.0000",DDXPlus severity,3,none: not a named row in Newman-Toker 2023 Table 1; external tier falls back to DDXPlus severity 5,2527,0.013,0.003,0.0000,5,,,
