condition,icd10,ddxplus_severity,base_tier,final_tier,upgrade_sources
Acute pulmonary edema,J81.0,1,1,1,
Anaphylaxis,T78.0,1,1,1,
Ebola,A98.4,1,1,1,
Larygospasm,J38.5,1,1,1,
Possible NSTEMI / STEMI,I21,1,1,1,
Acute dystonic reactions,G24.02,2,1,1,
Boerhaave,K22.3,2,1,1,
Croup,J05.0,2,1,1,
Epiglottitis,J05.1,2,1,1,
Guillain-Barré syndrome,G61.0,2,1,1,
Myocarditis,I51.4,2,1,1,
PSVT,I47.1,2,1,1,
Pulmonary embolism,I26,2,1,1,
Scombroid food poisoning,T61.1,2,1,1,
Spontaneous pneumothorax,J93,2,1,1,
Stable angina,I20.9,2,1,1,
Unstable angina,I20.0,2,1,1,
Acute COPD exacerbation / infection,J44.1,3,2,2,
Atrial fibrillation,I48.91,3,2,2,
Bronchiectasis,J47,3,2,2,
Bronchiolitis,J21,3,2,2,
Bronchospasm / acute asthma exacerbation,J45,3,2,1,named by 2 of 3 independent sources: Singh 2013 Table 2 row 'Asthma exacerbation' (site B 1); Miyagami 2023 Table 3 row 'Bronchial asthma' (2 of 46)
Chagas,B57,3,2,2,
Cluster headache,G44.009,3,2,2,
GERD,K21,3,2,2,
HIV (initial infection),B20,3,2,2,
Influenza,J11.1,3,2,2,
Inguinal hernia,K40,3,2,2,
Myasthenia gravis,G70.0,3,2,2,
Pancreatic neoplasm,C25,3,2,1,Newman-Toker 2023 BMJ Qual Saf Table 1 row 'Other Cancers'
Pneumonia,J17/J18,3,2,1,"Newman-Toker 2023 BMJ Qual Saf Table 1 row 'Pneumonia' | named by 3 of 3 independent sources: Singh 2013 Table 2 row 'Pneumonia' (site A 9, site B 5); Hussain 2019 Table 1 row 'Pneumonia' (8, <1%); Miyagami 2023 Table 4 final diagnosis 'pneumonia' (1 of 10 initial URTI)"
Pulmonary neoplasm,C34,3,2,1,Newman-Toker 2023 BMJ Qual Saf Table 1 row 'Lung Cancer'
Spontaneous rib fracture,S22.9,3,2,2,
Tuberculosis,A15,3,2,2,
Acute laryngitis,J04.0,4,3,3,
Acute otitis media,H66.90,4,3,3,
Acute rhinosinusitis,J01,4,3,3,
Allergic sinusitis,J30,4,3,3,
Anemia,D64.9,4,3,3,
Bronchitis,J40,4,3,3,
Localized edema,R60.0,4,3,3,
Pericarditis,I30,4,3,3,
SLE,M32,4,3,3,
Sarcoidosis,D86,4,3,3,
Viral pharyngitis,J02.9,4,3,3,
Whooping cough,A37,4,3,3,
Chronic rhinosinusitis,J32,5,3,3,
Panic attack,F41,5,3,3,
URTI,J06.9,5,3,3,
