condition,icd10,ddxplus_severity,reference_level,confidence,sources
Acute pulmonary edema,J81.0,1,1,high,"Parissis 2010 Eur J Heart Fail doi:10.1093/eurjhf/hfq138 (ALARM-HF, n=1820, in-hospital mortality 7.4%)"
Anaphylaxis,T78.0,1,1,high,"WAO Anaphylaxis Guidance 2020 (immediate epinephrine, emergency care); Chiang 2021 Am J Emerg Med doi:10.1016/j.ajem.2020.10.057 (49% of ED anaphylaxis visits triaged ESI 1-2)"
Ebola,A98.4,1,1,high,"WHO Ebola disease fact sheet (case fatality about 50%, range 25-90%)"
Larygospasm,J38.5,1,2,low,"No population figure found; reflex/paradoxical laryngospasm is self-terminating (patient-education and case-report literature only); stridor at intake warrants same-day assessment to exclude epiglottitis/anaphylaxis"
Possible NSTEMI / STEMI,I21,1,1,high,"Cram 2022 BMJ PMC9066381 (30-day STEMI mortality 15.9-22.2% in adults 66+, 2017); ACC/AHA STEMI guideline door-to-balloon <=90 min Class I"
Acute dystonic reactions,G24.02,2,2,medium,"Antipsychotic-induced acute laryngeal dystonia systematic review 2024 Prog Neuropsychopharmacol Biol Psychiatry PMID 38185029 (laryngeal subtype can obstruct airway); Medscape drug-induced dystonic reactions (same-day anticholinergic reverses most)"
Boerhaave,K22.3,2,1,high,"Allaway 2021 ANZ J Surg doi:10.1111/ans.16501 (systematic review mortality 30%); Shaqran 2024 Cureus doi:10.7759/cureus.63651 (mortality 30% to 15% over three decades); delay beyond 24 h widely reported to raise mortality (no verified pooled figure)"
Croup,J05.0,2,2,medium,"Pound 2020 Hosp Pediatr doi:10.1542/hpeds.2020-001362 (3.3% of 54981 ED croup visits admitted); Westley score: mild (<=2) home care after dexamethasone, moderate needs ED"
Epiglottitis,J05.1,2,1,high,"Allen 2021 Am J Otolaryngol doi:10.1016/j.amjoto.2020.102882 (US deaths fell to 0.006/100000 adults, 0.001/100000 children by 2017); airway emergency regardless of low modern case fatality"
Guillain-Barré syndrome,G61.0,2,2,medium,"van den Berg 2013 Neurology doi:10.1212/WNL.0b013e3182904fcc (6-month mortality 2.8%, 12-month 3.9%, n=527); Walgaard 2010 Ann Neurol doi:10.1002/ana.21976 (14-22% ventilated in first week)"
Myocarditis,I51.4,2,2,medium,"Ammirati 2017 Circulation doi:10.1161/CIRCULATIONAHA.117.026386 (in-hospital death or transplant 25.5% fulminant vs 0% non-fulminant)"
PSVT,I47.1,2,2,medium,"Murman 2007 Acad Emerg Med doi:10.1197/j.aem.2007.01.013 (24% of US ED SVT visits admitted, 44% discharged without follow-up); 2015 ACC/AHA/HRS SVT guideline (generally benign; immediate cardioversion if unstable)"
Pulmonary embolism,I26,2,1,high,"Barritt and Jordan 1960 Lancet (untreated recurrent/fatal PE 10/19 vs 1/54 treated); Thrombosis Journal 2016 PMC4790043 (treated in-hospital 2.6%, 30-day 5.8%; sPESI 0 in-hospital 0%); NICE NG158 (D-dimer/CTPA within 4 h or interim anticoagulation)"
Scombroid food poisoning,T61.1,2,3,medium,"Russell and Maretic 1986 Toxicon doi:10.1016/0041-0101(86)90002-4 (all cases self-limiting, most respond to antihistamines); de Gregorio 2022 Clin Toxicol doi:10.1080/15563650.2021.1959605 (benign, hemodynamic complications only in high-risk patients)"
Spontaneous pneumothorax,J93,2,2,high,"Onuki 2017 Can Respir J doi:10.1155/2017/6014967 (n=751, 16 in-hospital deaths, all secondary pneumothorax); BTS pleural guideline 2023 (ambulatory/conservative management of primary pneumothorax after ED assessment)"
Stable angina,I20.9,2,3,high,"Sorbets 2020 Eur Heart J doi:10.1093/eurheartj/ehz660 (CLARIFY, 5-year CV death or MI 8.0%); NICE CG95 (rapid access chest pain clinic within 2 weeks)"
Unstable angina,I20.0,2,1,high,"2023 ESC ACS guideline PMID 37622654 (UA managed on the ACS pathway; early invasive strategy within 24-48 h for high risk); cannot be separated from NSTEMI at intake"
Acute COPD exacerbation / infection,J44.1,3,2,medium,"Steer 2012 Thorax doi:10.1136/thoraxjnl-2012-202103 (DECAF, n=920, in-hospital mortality 10.4%); GOLD (more than 80% of exacerbations managed as outpatients; assess for respiratory distress)"
Atrial fibrillation,I48.91,3,2,medium,"Atzema 2013 Ann Emerg Med doi:10.1016/j.annemergmed.2013.06.005 (30-day mortality 3.3% across ED AF visits); Atzema 2015 Ann Emerg Med doi:10.1016/j.annemergmed.2015.07.017 (AFTER, 30-day mortality 2.6%); NICE NG196 (emergency cardioversion only if life-threatening instability)"
Bronchiectasis,J47,3,3,low,"ERS review 2024 (exacerbations raise mortality and hospitalisation); PMC9961441 (influenza-related exacerbation in-hospital mortality 10.8%); no outpatient case-fatality figure found"
Bronchiolitis,J21,3,2,medium,"Fujiogi 2019 Pediatrics doi:10.1542/peds.2019-2614 (hospitalisation 13.5-17.9 per 1000 person-years); NICE NG9 (immediate referral for apnoea, severe distress, cyanosis, SpO2 <92%)"
Bronchospasm / acute asthma exacerbation,J45,3,2,high,"BTS/SIGN 2019 (acute severe: PEF 33-50%, admit if persisting; life-threatening: PEF <33%, silent chest); Nakwan 2023 Chin Med Sci J doi:10.24920/004252 (in-hospital mortality 3.2-3.7 per 1000 asthma admissions)"
Chagas,B57,3,3,low,"Bruneto 2021 Clin Infect Dis (oral-outbreak acute case fatality 1.0%); Nunes 2018 Circulation AHA statement (20-30% develop cardiomyopathy; 10-year mortality 10-84% by risk score); outside endemic areas presents as chronic disease"
Cluster headache,G44.009,3,3,medium,"ICHD-3 (exclude secondary causes at first presentation, neurology referral); Lee 2019 Cephalalgia doi:10.1177/0333102419845660 (active suicidal ideation 35.8% during attacks)"
GERD,K21,3,4,high,"Katz 2022 ACG guideline Am J Gastroenterol doi:10.14309/ajg.0000000000001538 (empiric therapy; endoscopy as soon as feasible only with alarm features)"
HIV (initial infection),B20,3,3,medium,"Lancet HIV 2023 collaborative cohort (life expectancy near general population on ART; low CD4 at start shortens it); hivguidelines.org acute HIV (RNA testing and prompt ART, public-health priority)"
Influenza,J11.1,3,3,medium,"CDC MMWR 2025 mm7434a1 (FluSurv-NET 2024-25: in-hospital death 3.3% at 65-74, 4.5% at 75+; hospitalisation 598.8/100000 at 75+); CDC flu burden (overall case fatality about 0.03%)"
Inguinal hernia,K40,3,4,medium,"Nilsson 2007 Ann Surg doi:10.1097/01.sla.0000251364.32698.4b (Swedish Hernia Register: 5.1% of 104911 inguinal hernias operated emergently; mortality 7-fold after emergency repair, not raised after elective)"
Myasthenia gravis,G70.0,3,3,medium,"Alshekhlee 2009 Neurology doi:10.1212/WNL.0b013e3181a41211 (US in-hospital mortality 2.2% overall, 4.47% in crisis); crisis in 15-20% over lifetime (Front Neurol 2025 PMC12116355)"
Pancreatic neoplasm,C25,3,3,high,"NICE NG12 (suspected cancer pathway within 2 weeks for jaundice age 40+; urgent CT for weight loss plus symptoms age 60+); SEER via ACS (5-year survival about 13%)"
Pneumonia,J17/J18,3,2,high,"Lim 2003 Thorax doi:10.1136/thorax.58.5.377 (CURB-65 30-day mortality 0.7% score 0, 3.2% score 1, 3% score 2, 17% score 3, 41.5% score 4, 57% score 5); Fine 1997 NEJM (PSI class I 0.1-0.4%, class III 0.9-2.8%)"
Pulmonary neoplasm,C34,3,3,high,"NICE NG12 (urgent chest X-ray within 2 weeks; suspected cancer pathway for haemoptysis age 40+); SEER via ACS (5-year survival all lung cancer about 28%)"
Spontaneous rib fracture,S22.9,3,4,low,"Case reports and small series only (Camarillo-Reyes 2019 SAGE Open Med doi:10.1177/2050313X19846043; Alhatemi 2024 Clin Case Rep); no population complication or mortality figure found"
Tuberculosis,A15,3,3,medium,"Tiemersma 2011 PLoS One doi:10.1371/journal.pone.0017601 (untreated smear-positive 10-year case fatality 70%, disease course about 3 years); NICE NG33 (urgent referral to TB service, admission if systemically unwell)"
Acute laryngitis,J04.0,4,4,medium,"PMC7149681 review (self-limited; danger lies in mimics such as epiglottitis); no mortality figure exists for laryngitis itself"
Acute otitis media,H66.90,4,4,high,"AAP 2013 guideline Pediatrics 131:e964 and 2022 report (watchful waiting for uncomplicated cases age 2+, immediate antibiotics under 6 months or severe illness); suppurative complications rare"
Acute rhinosinusitis,J01,4,4,high,"DeMuri and Wald 2012 NEJM doi:10.1056/NEJMcp1106638 (orbital/intracranial complications rare, about 1 per 1000); Thomas 2013 Br J Gen Pract (immediate referral only for periorbital swelling, diplopia, meningism)"
Allergic sinusitis,J30,4,5,high,"Bousquet 2010 ARIA revision J Allergy Clin Immunol (severity defined by symptom burden and quality of life only)"
Anemia,D64.9,4,3,medium,"PMC9505011 The Limits of Acute Anemia (Hb <6.5 g/dL red flag; transfusion threshold 6-8 g/dL without cardiac risk); no case-fatality figure for unspecified anaemia in primary care; NICE NG12 (iron-deficiency anaemia triggers 2-week cancer pathway in adults)"
Bronchitis,J40,4,5,high,"NICE NG120 (acute cough self-limiting, resolves in 3-4 weeks, no routine antibiotics)"
Localized edema,R60.0,4,3,low,"Oudega 2005 Ann Intern Med doi:10.7326/0003-4819-143-2-200507190-00008 (12% of low-risk Wells primary-care patients with suspected DVT had DVT); DDXPlus entity spans heart-failure, hepatic, renal and lymphatic causes"
Pericarditis,I30,4,2,high,"Imazio 2007 Circulation doi:10.1161/circulationaha.106.662114 (n=453; tamponade 3.1%, constriction 1.5%, recurrence 18.3%); 2015 ESC pericardial guideline (same-day risk stratification; outpatient NSAIDs with 1-week review if no high-risk feature)"
SLE,M32,4,3,low,"Rheumatol Adv Pract 2022 rkab106 (early diagnosis reduces damage accrual; no SLE-specific referral-time target); no short-term case-fatality figure for new uncomplicated SLE"
Sarcoidosis,D86,4,3,medium,"Patt 2024 Medicina PMC11596794 (adjusted hazard of death 2.99 in first year after diagnosis); Chest 2018 predictors of mortality in pulmonary sarcoidosis (about 7% 5-year mortality)"
Viral pharyngitis,J02.9,4,4,high,"NICE CKS sore throat acute (resolves within about 1 week; antibiotics shorten by about 16 h)"
Whooping cough,A37,4,3,medium,"Vitek 2003 Pediatr Infect Dis J doi:10.1097/01.inf.0000073266.30728.0e (93 of 103 US pertussis deaths in the 1990s were infants); Wortis 1996 Pediatrics (20 of 23 deaths under 1 year, 78% unvaccinated); infants under 3 months are level 1"
Chronic rhinosinusitis,J32,5,4,high,"Fokkens 2020 EPOS2020 Rhinology (stepwise care by symptom burden); Curr Med Res Opin 2020 doi:10.1080/03007995.2020.1815682 (quality-of-life burden, no acute mortality)"
Panic attack,F41,5,4,medium,"Weissman 1989 NEJM doi:10.1056/NEJM198911023211801 (suicide attempts in 20% with panic disorder, 12% with panic attacks; OR 17.99 vs no disorder); 2021 AHA/ACC chest pain guideline (exclude cardiac cause at first chest-pain presentation)"
URTI,J06.9,5,5,high,"PMC7266914 common cold review 2020 (adults recover in under a week, children under two weeks)"
