group,icd10_prefixes,source_row,note
Stroke,I60 I61 I62 I63 I64,Newman-Toker 2023 Table 1: Stroke,"ICD-10 cerebrovascular chapter I60-I64: subarachnoid, intracerebral and other non-traumatic intracranial haemorrhage, cerebral infarction, stroke not specified. TIA (G45) is not a stroke and is not included."
Venous thromboembolism,I26 I80 I81 I82,Newman-Toker 2023 Table 1: Venous Thromboembolism,"Pulmonary embolism I26, phlebitis and thrombophlebitis including DVT I80, portal vein thrombosis I81, other venous embolism and thrombosis I82. I26 is on the DDXPlus list (pulmonary embolism), so the map reaches it first."
Arterial thromboembolism,I74,Newman-Toker 2023 Table 1: Arterial Thromboembolism,"Arterial embolism and thrombosis I74, including mesenteric (I74 excludes cerebral and coronary, which are the stroke and MI rows)."
Aortic aneurysm and dissection,I71,Newman-Toker 2023 Table 1: Aortic Aneurysm & Dissection,Aortic aneurysm and dissection I71 (all sites; ICD-10-CM I71.0x is dissection).
Myocardial infarction,I21 I22,Newman-Toker 2023 Table 1: Myocardial Infarction,Acute and subsequent MI. On the DDXPlus list (Possible NSTEMI / STEMI); listed for completeness.
Sepsis,A40 A41 R65.2,Newman-Toker 2023 Table 1: Sepsis,"Streptococcal sepsis A40, other sepsis A41, and ICD-10-CM severe sepsis R65.2."
Pneumonia,J12 J13 J14 J15 J16 J17 J18,Newman-Toker 2023 Table 1: Pneumonia,J12-J18 pneumonia block. On the DDXPlus list (pneumonia); listed for completeness.
Meningitis and encephalitis,G00 G01 G02 G03 G04 G05 A39 A83 A84 A85 A86 A87 B00.4,Newman-Toker 2023 Table 1: Meningitis & Encephalitis,"Bacterial and other meningitis G00-G03, encephalitis and myelitis G04-G05, meningococcal infection A39, viral encephalitis A83-A86, viral meningitis A87, herpes simplex encephalitis B00.4."
Spinal abscess,G06,Newman-Toker 2023 Table 1: Spinal Abscess,"G06 covers intracranial and intraspinal abscess and granuloma; the row names spinal abscess (G06.1), and we take the whole category because the AHRQ ED list pairs spinal and intracranial abscess."
Endocarditis,I33 I38 I39,Newman-Toker 2023 Table 1: Endocarditis,"Acute and subacute endocarditis I33, endocarditis valve unspecified I38, endocarditis in diseases classified elsewhere I39."
Cancers,C,"Newman-Toker 2023 Table 1: Lung Cancer, Breast Cancer, Colorectal Cancer, Melanoma, Prostate Cancer, Other Cancers","Malignant neoplasms C00-C97 (ICD-10-CM C4A, C7A and C7B included). The five named cancer rows plus ""Other Cancers"", as docs/dangerous-if-missed-labels.md uses that row for pancreatic neoplasm. In-situ and benign neoplasms (D00-D48) are not included."
