group,icd10_prefixes,source,source_row,note
Stroke,I60 I61 I62 I63 I64,Newman-Toker 2023 Table 1; AHRQ 2022 ED top 15,Newman-Toker 2023 Table 1: Stroke,"ICD-10 cerebrovascular chapter I60-I64: subarachnoid, intracerebral and other non-traumatic intracranial haemorrhage, cerebral infarction, stroke not specified. TIA (G45) is not a stroke and is not included."
Venous thromboembolism,I26 I80 I81 I82,Newman-Toker 2023 Table 1; AHRQ 2022 ED top 15,Newman-Toker 2023 Table 1: Venous Thromboembolism,"Pulmonary embolism I26, phlebitis and thrombophlebitis including DVT I80, portal vein thrombosis I81, other venous embolism and thrombosis I82. I26 is on the DDXPlus list (pulmonary embolism), so the map reaches it first."
Arterial thromboembolism,I74,Newman-Toker 2023 Table 1; AHRQ 2022 ED top 15,Newman-Toker 2023 Table 1: Arterial Thromboembolism,"Arterial embolism and thrombosis I74, including mesenteric (I74 excludes cerebral and coronary, which are the stroke and MI rows)."
Aortic aneurysm and dissection,I71,Newman-Toker 2023 Table 1; AHRQ 2022 ED top 15,Newman-Toker 2023 Table 1: Aortic Aneurysm & Dissection,Aortic aneurysm and dissection I71 (all sites; ICD-10-CM I71.0x is dissection).
Myocardial infarction,I21 I22,Newman-Toker 2023 Table 1; AHRQ 2022 ED top 15,Newman-Toker 2023 Table 1: Myocardial Infarction,Acute and subsequent MI. On the DDXPlus list (Possible NSTEMI / STEMI); listed for completeness.
Sepsis,A40 A41 R65.2,Newman-Toker 2023 Table 1; AHRQ 2022 ED top 15,Newman-Toker 2023 Table 1: Sepsis,"Streptococcal sepsis A40, other sepsis A41, and ICD-10-CM severe sepsis R65.2."
Pneumonia,J12 J13 J14 J15 J16 J17 J18,Newman-Toker 2023 Table 1; AHRQ 2022 ED top 15,Newman-Toker 2023 Table 1: Pneumonia,J12-J18 pneumonia block. On the DDXPlus list (pneumonia); listed for completeness.
Meningitis and encephalitis,G00 G01 G02 G03 G04 G05 A39 A83 A84 A85 A86 A87 B00.4,Newman-Toker 2023 Table 1; AHRQ 2022 ED top 15,Newman-Toker 2023 Table 1: Meningitis & Encephalitis,"Bacterial and other meningitis G00-G03, encephalitis and myelitis G04-G05, meningococcal infection A39, viral encephalitis A83-A86, viral meningitis A87, herpes simplex encephalitis B00.4."
Spinal and intracranial abscess,G06,Newman-Toker 2023 Table 1; AHRQ 2022 ED top 15,Newman-Toker 2023 Table 1: Spinal Abscess; AHRQ 2022: Spinal and intracranial abscess,"G06 covers intracranial and intraspinal abscess and granuloma; the row names spinal abscess (G06.1), and we take the whole category because the AHRQ ED list pairs spinal and intracranial abscess."
Endocarditis,I33 I38 I39,Newman-Toker 2023 Table 1,Newman-Toker 2023 Table 1: Endocarditis,"Acute and subacute endocarditis I33, endocarditis valve unspecified I38, endocarditis in diseases classified elsewhere I39."
Cancers,C,Newman-Toker 2023 Table 1; AHRQ 2022 ED top 15 (lung cancer only),"Newman-Toker 2023 Table 1: Lung Cancer, Breast Cancer, Colorectal Cancer, Melanoma, Prostate Cancer, Other Cancers; AHRQ 2022: Lung cancer (C34, inside this group)","Malignant neoplasms C00-C97 (ICD-10-CM C4A, C7A and C7B included). The five named cancer rows plus ""Other Cancers"", as docs/dangerous-if-missed-labels.md uses that row for pancreatic neoplasm. In-situ and benign neoplasms (D00-D48) are not included."
Spinal cord compression,G95.2 G83.4 G99.2,AHRQ 2022 ED top 15,AHRQ 2022: Spinal cord compression,"Cord compression, unspecified G95.2; cauda equina syndrome G83.4; myelopathy in diseases classified elsewhere G99.2 (compressive myelopathy of disc or tumour). Spinal stenosis (M48.0) is not included, because it is usually chronic."
Traumatic brain injury and intracranial haemorrhage,S06,AHRQ 2022 ED top 15,AHRQ 2022: Traumatic brain injury / intracranial haemorrhage,"Intracranial injury S06, including traumatic subdural and extradural haemorrhage. Non-traumatic intracranial haemorrhage I60-I62 sits in the Stroke row, which is tested first."
Cardiac arrhythmia,I44 I45 I46 I47 I48 I49,AHRQ 2022 ED top 15,AHRQ 2022: Cardiac arrhythmia,"AV block I44, other conduction disorders I45, cardiac arrest I46, paroxysmal tachycardia I47, atrial fibrillation and flutter I48, other arrhythmias I49. The family rows map I47-I49 to PSVT, so the map reaches those first and they count as tier 1."
GI perforation and rupture,K22.3 K25.1 K25.2 K25.5 K25.6 K26.1 K26.2 K26.5 K26.6 K27.1 K27.2 K27.5 K27.6 K28.1 K28.2 K28.5 K28.6 K63.1 K65 K35.2 K35.3 K57.0 K57.2 K57.4 K57.8,AHRQ 2022 ED top 15,AHRQ 2022: GI perforation / rupture,"Oesophageal perforation K22.3 (Boerhaave); gastric, duodenal, peptic and gastrojejunal ulcer with perforation (4th digit 1, 2, 5, 6); intestinal perforation K63.1; peritonitis K65; appendicitis with peritonitis K35.2-K35.3; diverticular disease with perforation and abscess K57.0, K57.2, K57.4, K57.8. Ulcer with haemorrhage only (4th digit 0 or 4) and GI haemorrhage K92 are not included, because the row names perforation and rupture."
Intestinal obstruction,K56 K40.0 K40.3 K41.0 K41.3 K42.0 K43.0 K43.3 K43.6 K44.0 K45.0 K46.0,AHRQ 2022 ED top 15,AHRQ 2022: Intestinal obstruction,"Paralytic ileus and intestinal obstruction without hernia K56 (volvulus, intussusception, adhesions), and abdominal hernias with obstruction K40-K46 (4th digit 0, 3 or 6)."
